total_sales,na_sales,jp_sales,pal_sales,other_sales,critic_score,release_year
20.32,6.37,0.99,9.85,3.12,9.4,2013.0
19.39,6.06,0.6,9.71,3.02,9.7,2014.0
16.15,8.41,0.47,5.49,1.78,9.6,2002.0
15.86,9.06,0.06,5.33,1.42,7.5,2013.0
15.09,6.18,0.41,6.05,2.44,8.1,2015.0
14.82,9.07,0.13,4.29,1.33,8.7,2011.0
14.74,9.76,0.11,3.73,1.14,8.8,2010.0
13.94,5.26,0.21,6.21,2.26,9.8,2018.0
13.86,8.27,0.07,4.32,1.2,8.4,2012.0
13.8,4.99,0.65,5.88,2.28,8.0,2012.0
13.53,8.54,0.08,3.63,1.28,9.5,2009.0
13.4,4.67,0.4,6.21,2.12,8.1,2017.0
13.35,5.54,0.49,5.78,1.54,8.8,2011.0
13.1,6.99,0.3,4.51,1.3,9.5,2001.0
12.67,6.01,0.48,4.4,1.78,8.7,2010.0
11.8,1.27,0.15,8.64,1.73,8.3,2017.0
11.09,6.8,0.14,3.11,1.04,10.0,2008.0
10.94,1.26,0.12,7.95,1.61,8.9,2016.0
10.61,4.99,0.38,3.66,1.59,9.5,2009.0
10.57,4.79,0.44,3.73,1.62,10.0,2008.0
10.41,6.76,0.04,2.64,0.98,6.9,2013.0
10.13,4.11,0.39,4.01,1.62,7.5,2013.0
9.97,7.08,0.08,2.01,0.8,9.3,2010.0
9.96,6.72,0.04,2.36,0.83,7.5,2012.0
9.41,5.98,0.13,2.39,0.91,9.6,2007.0
9.32,4.05,0.5,3.28,1.49,7.5,2018.0
9.15,0.84,0.1,6.87,1.34,7.5,2018.0
8.88,5.1,0.1,2.83,0.85,9.3,2011.0
8.72,4.7,0.01,3.25,0.76,9.0,2014.0
8.48,3.11,0.19,3.83,1.36,7.9,2016.0
8.48,2.91,0.27,3.97,1.34,8.6,2015.0
8.22,1.15,0.07,5.77,1.23,8.5,2015.0
8.03,3.31,0.23,3.19,1.3,7.1,2015.0
8.01,1.07,0.13,5.13,1.68,7.5,2012.0
7.72,2.9,0.24,2.83,1.74,8.8,2005.0
7.53,2.84,0.14,3.34,1.22,8.5,2014.0
7.37,4.63,0.02,2.04,0.68,7.5,2015.0
7.35,4.47,0.06,2.12,0.69,8.5,2011.0
7.26,2.2,0.29,3.65,1.12,9.1,2016.0
7.21,2.86,0.35,2.94,1.07,8.5,2011.0
7.2,3.27,0.08,2.83,1.02,8.6,2003.0
6.9,2.71,0.08,3.02,1.09,8.3,2004.0
6.83,2.93,0.17,2.75,0.99,9.0,2002.0
6.74,3.28,0.21,2.22,1.02,9.5,2009.0
6.72,3.13,0.28,2.27,1.04,9.5,2007.0
6.65,0.84,0.11,4.33,1.37,9.2,2011.0
6.61,0.79,0.07,4.77,0.98,7.5,2013.0
6.57,2.82,0.17,2.58,1.0,9.5,2011.0
6.5,3.77,0.09,2.03,0.6,9.5,2010.0
6.5,2.65,0.16,2.61,1.08,8.8,2012.0
6.49,2.57,0.25,2.68,0.99,9.0,2011.0
6.33,1.89,0.35,3.13,0.96,9.4,2014.0
6.32,0.83,0.05,4.49,0.94,8.1,2014.0
6.27,3.11,0.02,2.8,0.33,8.5,1999.0
5.76,2.53,0.16,2.13,0.94,7.5,2014.0
5.74,2.26,1.36,1.89,0.23,9.1,1996.0
5.66,3.09,0.07,1.92,0.58,6.6,2006.0
5.57,2.54,0.21,1.95,0.86,9.0,2009.0
5.55,3.28,0.07,1.64,0.56,8.2,2007.0
5.54,2.72,0.11,1.89,0.82,9.6,2011.0
5.5,2.99,0.1,1.9,0.51,9.2,2009.0
5.42,2.07,0.24,2.29,0.82,6.9,2001.0
5.35,1.75,1.87,1.23,0.51,8.0,2010.0
5.31,3.13,0.03,1.71,0.45,7.5,2012.0
5.3,3.14,0.08,1.55,0.52,9.1,2009.0
5.24,2.3,0.2,2.46,0.28,7.6,1997.0
5.23,4.26,0.01,0.26,0.71,9.5,2003.0
5.22,3.25,0.01,1.49,0.48,8.3,2014.0
5.13,1.98,0.13,2.23,0.8,5.9,2003.0
5.13,3.37,0.02,1.26,0.48,9.3,2016.0
5.11,1.1,0.03,3.49,0.5,7.5,2012.0
5.1,1.63,0.44,2.46,0.57,7.0,2008.0
5.1,3.59,0.05,1.09,0.37,7.8,2010.0
5.1,1.96,1.08,1.42,0.64,8.6,2009.0
5.08,0.61,0.06,3.28,1.12,8.7,2010.0
5.08,1.7,0.16,2.03,1.19,8.4,2006.0
5.07,1.81,1.05,1.53,0.68,8.1,2016.0
5.03,2.94,0.02,1.62,0.45,8.4,2015.0
5.02,3.42,0.02,1.38,0.2,9.6,1999.0
4.98,3.49,0.01,0.01,1.48,8.2,2007.0
4.97,2.32,0.12,1.73,0.8,8.7,2007.0
4.96,3.41,0.09,0.99,0.46,9.0,2008.0
4.91,3.98,0.01,0.26,0.66,9.1,2005.0
4.83,1.91,0.09,2.01,0.82,8.2,2007.0
4.83,1.09,0.07,2.92,0.74,7.5,2017.0
4.79,2.57,0.44,1.57,0.21,9.2,1999.0
4.75,2.99,0.04,1.28,0.44,9.5,2011.0
4.73,2.36,0.02,2.1,0.25,7.0,2000.0
4.68,3.05,0.02,1.41,0.2,9.3,2000.0
4.67,1.94,0.08,1.95,0.7,8.3,2002.0
4.63,2.29,0.13,1.97,0.24,8.9,1996.0
4.6,2.08,0.06,1.98,0.49,9.1,2011.0
4.6,3.04,0.0,1.12,0.44,8.6,2007.0
4.56,0.59,0.04,3.25,0.68,6.9,2014.0
4.54,1.87,0.22,1.97,0.48,6.8,2009.0
4.54,1.84,0.17,1.8,0.73,8.8,2016.0
4.53,3.19,0.01,0.91,0.42,8.7,2007.0
4.53,1.7,0.12,1.99,0.73,7.5,2017.0
4.53,4.18,0.01,0.26,0.08,9.5,2004.0
4.48,2.71,0.03,1.51,0.23,8.2,2002.0
4.47,2.89,0.13,1.03,0.41,9.2,2009.0
4.41,2.66,0.01,1.29,0.46,9.1,2001.0
4.39,0.1,1.05,2.39,0.86,8.8,2007.0
4.37,1.49,0.16,2.04,0.69,7.5,2016.0
4.37,2.03,0.08,1.79,0.47,8.6,2005.0
4.37,2.64,0.01,1.33,0.39,5.6,2010.0
4.36,1.29,0.36,2.06,0.64,7.5,2015.0
4.34,2.81,0.0,1.13,0.41,9.1,2014.0
4.32,1.4,0.11,2.13,0.68,7.5,2014.0
4.28,2.26,0.07,1.33,0.63,9.0,2009.0
4.27,1.59,0.2,1.81,0.67,9.1,2014.0
4.24,3.0,0.05,1.11,0.07,7.5,2001.0
4.23,1.41,0.1,2.03,0.69,8.8,2011.0
4.22,2.28,0.04,1.47,0.44,7.9,2011.0
4.21,0.78,0.04,2.55,0.84,8.4,2005.0
4.19,2.04,0.59,1.05,0.52,9.3,2009.0
4.18,0.85,0.02,2.79,0.52,9.2,2011.0
4.17,1.79,0.05,1.64,0.69,7.5,2013.0
4.17,3.38,0.31,0.44,0.04,5.9,1989.0
4.15,0.94,0.01,2.92,0.29,7.5,2013.0
4.15,2.49,0.02,1.26,0.38,6.9,2015.0
4.14,3.36,0.01,0.21,0.56,9.4,2002.0
4.14,1.25,0.09,2.16,0.65,7.5,2014.0
4.14,1.92,0.1,1.44,0.69,7.5,2017.0
4.11,0.71,0.03,2.48,0.89,8.4,2006.0
4.11,1.65,0.11,1.68,0.66,8.1,2015.0
4.08,2.67,0.04,1.03,0.34,8.2,2010.0
4.06,2.12,0.05,1.47,0.42,4.2,2007.0
4.06,1.18,0.11,2.14,0.63,8.4,2014.0
4.06,1.22,0.11,2.11,0.63,7.5,2017.0
4.06,0.12,0.9,2.26,0.77,8.9,2006.0
4.05,2.35,0.03,1.27,0.41,9.1,2007.0
4.05,2.28,0.16,1.55,0.06,7.5,1997.0
4.05,1.68,0.51,1.51,0.35,8.7,2000.0
4.0,2.18,0.07,1.15,0.61,8.8,2008.0
3.98,2.56,0.05,0.66,0.71,8.7,2015.0
3.95,1.44,0.15,1.73,0.62,7.9,2018.0
3.94,1.4,0.19,1.74,0.62,8.3,2013.0
3.94,1.34,0.13,1.86,0.62,8.7,2013.0
3.9,2.29,0.01,1.17,0.42,8.7,2003.0
3.88,2.15,0.1,1.13,0.5,7.6,2010.0
3.85,0.16,1.12,1.89,0.68,9.3,2005.0
3.84,2.12,0.22,1.44,0.06,7.5,1996.0
3.75,1.4,0.1,1.4,0.86,8.5,2007.0
3.7,0.58,0.04,2.48,0.59,8.4,2004.0
3.67,2.13,0.01,1.18,0.35,9.6,2002.0
3.66,1.58,0.08,1.6,0.4,6.7,2007.0
3.65,2.53,0.06,0.81,0.24,8.0,2002.0
3.64,1.31,0.27,1.5,0.55,8.7,2013.0
3.64,2.08,0.15,1.09,0.33,9.0,2001.0
3.63,0.05,0.64,0.0,2.93,8.2,2008.0
3.63,0.6,0.05,2.46,0.52,9.0,2009.0
3.61,1.93,0.03,1.22,0.44,8.1,2004.0
3.6,0.9,0.08,2.06,0.55,8.6,2015.0
3.59,2.18,0.03,1.02,0.37,8.5,2005.0
3.58,2.34,0.0,0.9,0.34,7.5,2014.0
3.58,2.01,0.06,1.35,0.16,7.5,2000.0
3.58,1.6,0.1,1.49,0.39,6.9,2007.0
3.54,1.23,0.05,1.77,0.49,7.7,2003.0
3.54,1.66,0.12,1.58,0.18,8.2,1998.0
3.54,1.56,0.07,1.4,0.5,8.3,2006.0
3.54,2.16,0.02,1.05,0.32,8.7,2013.0
3.54,2.24,0.02,0.95,0.33,9.1,2009.0
3.53,2.13,0.12,0.93,0.34,8.6,2009.0
3.53,2.87,0.03,0.39,0.25,9.1,2010.0
3.53,1.98,0.01,1.14,0.41,7.9,2005.0
3.53,1.9,0.1,1.13,0.41,7.5,2001.0
3.52,0.71,0.02,2.39,0.4,8.7,2010.0
3.52,2.28,0.03,0.59,0.63,9.0,2016.0
3.49,0.59,0.04,2.36,0.51,8.0,2003.0
3.48,2.43,0.03,0.72,0.3,8.3,2009.0
3.48,2.11,0.04,1.01,0.33,9.0,2010.0
3.47,1.21,0.27,1.63,0.37,7.6,2009.0
3.46,2.1,0.01,1.01,0.35,7.1,2008.0
3.44,1.55,0.33,1.27,0.29,7.9,2002.0
3.44,2.06,0.03,1.04,0.31,8.8,2014.0
3.43,1.83,0.06,1.07,0.47,9.1,2011.0
3.43,0.62,0.12,2.18,0.51,7.5,2013.0
3.41,1.75,0.02,1.2,0.43,7.9,2004.0
3.4,0.46,0.05,2.28,0.61,7.5,2002.0
3.39,1.56,0.19,1.47,0.17,6.8,2000.0
3.36,1.24,0.08,1.5,0.54,8.3,2016.0
3.36,0.98,0.12,1.74,0.52,7.5,2016.0
3.34,1.9,0.01,1.14,0.3,8.5,2013.0
3.34,2.13,0.04,0.57,0.59,8.1,2017.0
3.33,1.45,0.12,1.29,0.46,7.5,2002.0
3.32,1.47,0.03,1.39,0.43,7.5,2005.0
3.31,1.99,0.05,1.05,0.22,8.1,2001.0
3.28,1.5,0.05,1.28,0.46,8.4,2003.0
3.27,0.51,0.31,1.59,0.86,7.5,2009.0
3.27,0.88,0.1,1.79,0.5,7.5,2012.0
3.27,1.89,0.02,1.05,0.31,7.5,2003.0
3.21,1.29,0.12,1.31,0.49,9.1,2011.0
3.2,1.76,0.07,1.21,0.16,8.7,2000.0
3.19,1.07,0.06,1.55,0.51,8.3,2013.0
3.18,1.78,0.09,1.12,0.19,7.5,2003.0
3.18,1.18,0.09,1.4,0.51,9.5,2018.0
3.17,1.54,0.1,1.04,0.49,8.2,2010.0
3.13,1.7,0.02,1.25,0.16,7.5,2000.0
3.12,1.69,0.14,0.86,0.44,9.3,2007.0
3.12,0.88,0.88,0.97,0.39,7.5,2012.0
3.12,1.07,0.22,1.35,0.47,7.0,2017.0
3.11,1.88,0.04,0.91,0.28,7.5,2014.0
3.11,2.62,0.01,0.21,0.28,8.6,2012.0
3.1,1.99,0.03,0.81,0.27,9.5,2010.0
3.08,2.5,0.01,0.16,0.42,7.5,2001.0
3.07,1.98,0.02,0.79,0.28,7.9,2008.0
3.06,1.89,0.04,0.88,0.26,7.5,2013.0
3.04,0.97,0.5,1.15,0.42,7.5,2015.0
3.04,1.94,0.03,0.84,0.24,9.5,2012.0
2.99,0.12,1.16,1.26,0.45,7.5,2003.0
2.98,1.38,0.02,1.33,0.25,7.5,2012.0
2.96,1.36,0.04,1.15,0.41,7.5,2002.0
2.96,1.33,0.08,1.11,0.44,8.9,2010.0
2.95,1.83,0.15,0.7,0.26,9.3,2009.0
2.94,1.45,0.04,1.11,0.33,7.5,2005.0
2.94,2.07,0.05,0.77,0.05,7.5,2001.0
2.92,0.93,0.04,1.48,0.46,7.5,2016.0
2.91,1.83,0.03,0.79,0.27,9.2,2007.0
2.89,1.51,0.01,1.12,0.24,7.5,2004.0
2.89,1.41,0.05,1.12,0.3,5.9,2007.0
2.89,0.99,1.38,0.32,0.2,7.5,2002.0
2.87,0.09,0.12,2.43,0.22,7.9,2000.0
2.87,0.72,0.04,1.67,0.44,6.9,2016.0
2.86,2.09,0.03,0.63,0.11,8.2,2002.0
2.85,1.87,0.11,0.57,0.3,9.1,2010.0
2.83,1.65,0.05,0.85,0.28,9.6,2007.0
2.83,1.32,0.04,1.08,0.39,7.5,2004.0
2.82,0.83,0.08,1.48,0.44,7.5,2014.0
2.82,1.59,0.04,1.05,0.14,7.0,2003.0
2.82,0.43,0.31,0.91,1.16,7.8,2009.0
2.82,1.28,0.07,1.04,0.43,6.7,2010.0
2.81,1.05,0.03,1.24,0.49,8.9,2010.0
2.81,1.46,0.09,0.87,0.38,8.2,2011.0
2.79,1.19,0.04,1.15,0.41,7.5,2001.0
2.79,0.29,2.13,0.2,0.18,7.5,1998.0
2.77,1.26,0.07,1.14,0.3,8.3,2011.0
2.74,0.71,0.06,1.52,0.45,8.5,2012.0
2.73,0.63,0.07,1.61,0.41,7.2,2016.0
2.73,1.55,0.02,0.92,0.24,9.1,2011.0
2.72,0.59,0.06,1.66,0.41,7.0,2015.0
2.7,1.49,0.02,0.92,0.27,8.0,2006.0
2.69,1.85,0.01,0.64,0.19,8.4,2006.0
2.67,1.48,0.01,0.92,0.26,8.5,2005.0
2.66,0.78,0.89,0.75,0.23,8.3,2012.0
2.66,0.86,0.01,1.11,0.67,6.7,2006.0
2.65,0.69,0.04,1.4,0.52,8.2,2009.0
2.64,1.58,0.04,0.8,0.22,7.3,2010.0
2.64,2.32,0.01,0.14,0.17,9.1,2011.0
2.63,2.0,0.02,0.47,0.14,7.5,2000.0
2.63,1.69,0.03,0.44,0.47,7.5,2018.0
2.63,1.74,0.05,0.46,0.39,8.9,2012.0
2.62,0.6,0.01,1.79,0.23,8.9,2009.0
2.61,0.65,0.01,1.27,0.68,8.8,2009.0
2.61,0.9,0.04,1.22,0.44,7.5,2002.0
2.6,1.08,0.03,1.22,0.27,9.0,2009.0
2.6,1.86,0.11,0.55,0.08,7.5,1990.0
2.59,0.49,0.04,1.63,0.43,8.6,2008.0
2.58,1.4,0.03,0.88,0.26,8.0,2006.0
2.57,2.11,0.0,0.19,0.27,7.5,2013.0
2.56,1.76,0.03,0.55,0.22,8.5,2009.0
2.55,0.43,0.05,1.68,0.38,9.0,2015.0
2.52,1.13,0.06,1.12,0.22,8.2,2001.0
2.51,0.6,0.08,1.45,0.38,8.9,2013.0
2.5,1.59,0.05,0.54,0.33,8.3,2008.0
2.5,0.13,0.26,0.07,2.05,7.5,2008.0
2.49,1.49,0.01,0.55,0.44,7.5,2014.0
2.48,0.86,0.18,1.06,0.37,8.3,2011.0
2.48,1.15,0.06,1.14,0.13,7.5,1999.0
2.47,0.22,1.25,0.73,0.27,7.5,2014.0
2.47,1.38,0.0,0.84,0.25,8.3,2008.0
2.45,1.18,0.13,0.74,0.4,7.5,2015.0
2.42,1.56,0.02,0.61,0.23,8.2,2008.0
2.42,1.26,0.46,0.61,0.08,8.9,1999.0
2.41,1.44,0.04,0.71,0.22,8.0,2011.0
2.41,1.73,0.02,0.43,0.23,8.5,2011.0
2.41,0.69,0.04,0.0,1.68,7.5,2007.0
2.41,0.29,0.54,1.18,0.41,6.0,2010.0
2.4,1.28,0.01,0.9,0.21,7.5,2013.0
2.4,1.08,0.04,0.88,0.4,7.5,2013.0
2.4,1.72,0.01,0.45,0.22,8.0,2008.0
2.38,1.94,0.03,0.39,0.02,7.5,1998.0
2.37,0.96,0.04,1.08,0.3,5.9,2004.0
2.37,1.25,0.01,0.86,0.26,7.5,2004.0
2.34,0.92,0.01,0.0,1.41,7.5,2007.0
2.34,1.07,0.08,0.8,0.38,8.6,2014.0
2.33,1.38,0.02,0.72,0.21,6.6,2011.0
2.32,0.79,0.04,1.35,0.14,6.0,1998.0
2.31,1.65,0.1,0.46,0.1,7.5,1998.0
2.31,1.28,0.0,0.82,0.2,8.0,2010.0
2.31,0.85,0.09,1.06,0.32,7.5,2004.0
2.29,1.08,0.15,0.74,0.32,6.7,2011.0
2.28,0.3,0.46,1.27,0.26,7.0,2009.0
2.28,0.38,0.01,0.07,1.82,7.5,2008.0
2.27,1.06,0.1,0.75,0.36,7.5,2012.0
2.26,0.89,0.04,0.97,0.37,6.8,2016.0
2.25,1.4,0.02,0.53,0.3,8.2,2007.0
2.25,1.52,0.2,0.46,0.08,7.5,1997.0
2.24,1.19,0.22,0.71,0.13,7.5,2002.0
2.23,1.74,0.21,0.25,0.03,7.5,1990.0
2.22,0.8,0.16,0.93,0.34,7.5,2018.0
2.22,1.45,0.04,0.34,0.39,7.5,2013.0
2.2,1.03,0.0,0.96,0.21,8.8,2010.0
2.2,1.45,0.02,0.54,0.2,8.6,2010.0
2.19,0.34,0.55,0.97,0.32,7.5,2011.0
2.19,1.3,0.01,0.67,0.21,8.1,2010.0
2.18,0.97,0.05,0.8,0.36,7.5,2015.0
2.18,0.62,0.04,1.18,0.34,5.8,2017.0
2.17,0.75,0.03,1.04,0.35,7.5,2013.0
2.16,0.36,0.09,1.4,0.32,7.5,2016.0
2.15,1.5,0.02,0.55,0.08,7.5,2000.0
2.15,0.72,0.14,0.97,0.33,7.5,2015.0
2.13,1.62,0.05,0.27,0.18,9.0,2011.0
2.11,1.68,0.02,0.31,0.09,8.7,2002.0
2.11,0.11,0.4,1.34,0.26,7.7,2008.0
2.11,1.86,0.01,0.12,0.13,8.8,2010.0
2.09,1.26,0.05,0.6,0.18,7.5,2003.0
2.09,0.62,0.13,0.99,0.34,9.0,2010.0
2.09,1.77,0.02,0.13,0.17,7.4,2005.0
2.08,0.46,0.96,0.42,0.25,8.6,2010.0
2.08,1.41,0.01,0.49,0.17,9.6,2011.0
2.07,1.48,0.0,0.39,0.19,8.4,2009.0
2.07,0.61,0.05,1.08,0.32,7.5,2016.0
2.06,1.84,0.01,0.04,0.16,8.8,2005.0
2.06,0.68,0.79,0.46,0.13,9.1,1999.0
2.06,1.15,0.04,0.77,0.1,5.4,2004.0
2.06,0.89,0.02,0.95,0.21,7.5,2010.0
2.06,0.59,0.07,1.08,0.32,7.5,2012.0
2.06,1.2,0.04,0.62,0.19,8.6,2010.0
2.06,0.63,0.05,1.01,0.38,5.9,2008.0
2.05,0.75,0.54,0.53,0.22,9.0,2011.0
2.05,1.04,0.01,0.79,0.21,7.1,2007.0
2.04,0.29,1.43,0.22,0.1,9.5,2018.0
2.04,0.48,0.02,1.28,0.25,8.6,2007.0
2.04,0.73,0.04,0.91,0.36,7.2,2007.0
2.04,1.45,0.01,0.41,0.16,8.6,2011.0
2.04,0.82,0.06,0.84,0.33,7.5,2017.0
2.03,0.73,0.02,0.96,0.31,8.1,2010.0
2.01,0.58,0.03,1.05,0.35,6.3,2011.0
1.99,0.95,0.27,0.64,0.13,8.8,1998.0
1.99,1.21,0.05,0.64,0.09,7.2,2002.0
1.98,0.75,0.02,1.09,0.12,7.5,2002.0
1.98,0.53,0.09,1.07,0.3,7.5,2015.0
1.97,0.62,0.01,1.02,0.31,7.5,2016.0
1.97,1.12,0.07,0.61,0.16,7.5,2012.0
1.97,1.22,0.02,0.55,0.18,7.5,2013.0
1.96,0.5,0.63,0.5,0.33,8.4,2005.0
1.96,0.77,0.01,0.85,0.32,7.5,2013.0
1.95,0.65,0.07,0.92,0.3,7.5,2015.0
1.95,1.09,0.02,0.65,0.2,8.8,2006.0
1.95,1.01,0.02,0.63,0.28,9.0,2008.0
1.94,0.82,0.04,0.94,0.16,7.5,2012.0
1.94,1.41,0.03,0.42,0.07,7.5,1997.0
1.94,0.49,0.01,1.26,0.18,8.7,2008.0
1.93,0.34,1.3,0.26,0.03,7.5,1996.0
1.92,0.92,0.41,0.53,0.06,9.4,2001.0
1.91,0.59,0.01,1.0,0.3,7.5,2013.0
1.91,0.73,0.01,0.96,0.22,8.2,2009.0
1.9,1.03,0.03,0.75,0.09,9.2,2001.0
1.9,0.86,0.01,0.87,0.16,8.5,2013.0
1.9,1.15,0.0,0.58,0.17,7.5,2013.0
1.89,1.56,0.0,0.15,0.18,8.6,2008.0
1.89,0.86,0.0,0.83,0.2,7.5,2008.0
1.89,0.69,0.52,0.56,0.12,9.2,2018.0
1.88,0.25,1.48,0.12,0.03,7.5,2000.0
1.88,0.89,0.09,0.69,0.21,7.5,2005.0
1.88,1.42,0.03,0.36,0.07,7.5,1998.0
1.87,0.22,0.04,1.47,0.14,8.8,1999.0
1.87,1.05,0.08,0.48,0.26,8.1,2011.0
1.86,0.94,0.39,0.44,0.1,7.8,2000.0
1.86,0.87,0.41,0.52,0.06,9.3,2001.0
1.86,0.56,0.11,0.9,0.28,7.7,2014.0
1.86,1.12,0.03,0.69,0.02,6.9,2004.0
1.86,1.11,0.0,0.56,0.19,6.8,2008.0
1.86,0.59,0.06,0.93,0.27,7.5,2012.0
1.84,0.74,0.01,0.95,0.15,9.2,2018.0
1.83,1.33,0.03,0.4,0.07,7.5,1996.0
1.83,0.56,0.1,0.89,0.28,7.5,2014.0
1.82,0.74,0.04,0.74,0.3,9.5,2013.0
1.82,1.24,0.03,0.43,0.12,7.5,1994.0
1.82,1.09,0.02,0.53,0.17,9.7,2007.0
1.81,1.1,0.12,0.51,0.08,9.3,2000.0
1.81,1.41,0.03,0.21,0.16,7.5,2010.0
1.8,0.93,0.21,0.59,0.07,7.5,2003.0
1.79,0.44,0.03,1.04,0.27,7.5,2014.0
1.79,1.26,0.08,0.39,0.06,7.5,1994.0
1.78,0.39,0.02,1.01,0.36,7.5,2005.0
1.76,0.61,0.02,0.87,0.26,7.5,2001.0
1.76,1.07,0.01,0.45,0.24,8.4,2009.0
1.76,0.41,0.72,0.48,0.16,7.5,2012.0
1.76,1.02,0.2,0.47,0.07,7.5,1994.0
1.75,0.45,0.06,0.92,0.32,8.3,2010.0
1.75,0.73,0.07,0.66,0.28,7.5,2017.0
1.75,0.06,0.53,0.9,0.27,7.5,2001.0
1.75,0.85,0.01,0.66,0.22,7.5,2008.0
1.75,0.35,0.02,1.07,0.31,8.5,2007.0
1.74,0.72,0.04,0.89,0.1,7.5,1999.0
1.74,0.59,0.06,0.82,0.27,7.5,2018.0
1.73,0.94,0.1,0.62,0.07,7.5,2001.0
1.72,1.06,0.01,0.5,0.15,7.5,2013.0
1.72,0.75,0.06,0.62,0.28,8.9,2016.0
1.71,0.83,0.02,0.62,0.24,9.6,2011.0
1.71,0.74,0.07,0.52,0.38,3.2,2012.0
1.7,0.23,0.0,0.24,1.23,7.5,2009.0
1.7,0.68,0.01,0.88,0.13,7.5,2012.0
1.69,0.79,0.08,0.66,0.17,7.5,2009.0
1.69,1.22,0.04,0.34,0.1,7.5,2005.0
1.69,0.87,0.08,0.66,0.08,6.6,2001.0
1.69,1.01,0.01,0.51,0.15,7.5,2013.0
1.69,1.37,0.03,0.28,0.02,7.5,1997.0
1.69,0.8,0.01,0.7,0.18,6.3,2008.0
1.68,0.38,0.33,0.87,0.1,8.5,1997.0
1.68,0.85,0.02,0.68,0.14,8.5,2014.0
1.68,0.88,0.02,0.54,0.24,7.9,2008.0
1.67,0.96,0.08,0.42,0.21,8.7,2009.0
1.67,1.09,0.02,0.49,0.07,7.5,2001.0
1.67,0.97,0.04,0.59,0.07,8.9,2003.0
1.67,0.59,0.03,0.95,0.1,7.5,2001.0
1.67,0.69,0.13,0.59,0.26,7.5,2014.0
1.67,0.81,0.01,0.58,0.26,7.5,2006.0
1.66,0.78,0.06,0.61,0.2,7.5,2000.0
1.66,1.25,0.03,0.15,0.22,7.5,2002.0
1.65,0.76,0.02,0.69,0.18,7.9,2006.0
1.65,0.9,0.04,0.54,0.17,7.1,2007.0
1.64,1.09,0.02,0.37,0.16,6.7,2008.0
1.64,0.62,0.48,0.34,0.2,7.5,2017.0
1.63,0.71,0.32,0.48,0.11,9.3,1999.0
1.63,0.86,0.01,0.62,0.13,7.5,2012.0
1.62,0.53,0.13,0.71,0.25,7.9,2012.0
1.62,0.44,0.07,0.86,0.25,6.2,2015.0
1.62,0.8,0.01,0.63,0.19,7.5,2005.0
1.62,1.02,0.0,0.46,0.14,7.5,2010.0
1.61,0.48,0.03,0.84,0.25,7.5,2014.0
1.6,0.82,0.03,0.6,0.15,7.9,2011.0
1.6,0.59,0.02,0.83,0.17,8.0,2010.0
1.59,0.04,0.32,1.1,0.13,7.1,2008.0
1.59,0.61,0.46,0.41,0.1,8.6,1997.0
1.59,0.72,0.02,0.69,0.18,8.5,2008.0
1.59,0.6,0.02,0.72,0.25,7.3,2011.0
1.58,0.94,0.01,0.48,0.15,7.5,2008.0
1.58,0.58,0.34,0.45,0.2,8.2,2008.0
1.57,0.1,0.12,0.18,1.16,7.2,2009.0
1.56,0.8,0.01,0.59,0.16,7.5,2008.0
1.55,1.13,0.02,0.38,0.03,7.4,2000.0
1.55,0.72,0.04,0.54,0.26,7.5,2013.0
1.55,0.85,0.02,0.46,0.22,8.5,2010.0
1.55,0.57,0.02,0.87,0.09,7.5,2001.0
1.54,0.62,0.01,0.79,0.12,8.5,2012.0
1.54,0.91,0.01,0.35,0.27,7.5,2013.0
1.54,0.83,0.08,0.44,0.19,8.2,2001.0
1.54,0.42,0.33,0.66,0.13,7.0,2011.0
1.52,0.18,0.49,0.65,0.2,7.5,2012.0
1.52,0.7,0.01,0.64,0.16,7.5,2008.0
1.52,1.11,0.06,0.31,0.04,7.5,2002.0
1.52,0.58,0.01,0.81,0.12,8.9,2017.0
1.52,0.85,0.01,0.51,0.15,7.5,2008.0
1.52,0.18,1.27,0.06,0.01,7.5,1990.0
1.51,0.6,0.03,0.63,0.26,7.7,2006.0
1.51,0.47,0.06,0.74,0.23,7.5,2014.0
1.5,1.21,0.1,0.14,0.04,7.5,1999.0
1.5,0.66,0.15,0.52,0.17,7.5,2001.0
1.5,1.19,0.05,0.07,0.2,7.5,2000.0
1.5,1.2,0.02,0.27,0.02,9.1,2000.0
1.5,0.99,0.11,0.32,0.08,9.2,2003.0
1.5,0.47,0.44,0.41,0.18,9.0,2013.0
1.49,0.75,0.09,0.53,0.13,8.2,2010.0
1.49,0.5,0.04,0.7,0.25,7.0,2010.0
1.48,0.53,0.06,0.57,0.32,7.5,2012.0
1.48,0.82,0.01,0.51,0.14,6.6,2008.0
1.48,0.94,0.02,0.4,0.13,7.5,2012.0
1.47,1.01,0.01,0.31,0.14,7.5,2016.0
1.47,1.33,0.01,0.03,0.1,8.6,2006.0
1.47,0.5,0.38,0.49,0.09,5.5,2016.0
1.46,1.17,0.04,0.2,0.05,7.5,1998.0
1.46,0.46,0.0,0.82,0.17,7.5,2008.0
1.46,0.81,0.04,0.46,0.15,8.6,2008.0
1.46,0.65,0.03,0.58,0.2,8.9,2012.0
1.46,0.56,0.01,0.79,0.11,7.5,2014.0
1.46,0.78,0.03,0.46,0.18,9.3,2011.0
1.46,0.83,0.02,0.48,0.12,6.7,2011.0
1.46,0.95,0.1,0.37,0.04,9.0,2001.0
1.45,0.77,0.03,0.5,0.15,6.5,2008.0
1.45,1.24,0.03,0.17,0.01,7.5,1999.0
1.44,0.75,0.01,0.48,0.21,9.3,2008.0
1.43,0.92,0.0,0.39,0.12,5.6,2010.0
1.43,0.92,0.0,0.38,0.13,7.3,2007.0
1.42,0.8,0.02,0.4,0.19,8.4,2010.0
1.42,0.49,0.06,0.64,0.23,7.5,2012.0
1.42,0.77,0.01,0.52,0.12,7.5,2014.0
1.42,1.22,0.02,0.07,0.11,7.5,2006.0
1.41,0.97,0.03,0.37,0.05,7.5,1994.0
1.4,0.38,0.03,0.08,0.93,7.5,2008.0
1.4,0.74,0.08,0.52,0.06,7.5,2004.0
1.4,0.03,0.02,1.05,0.3,7.5,2003.0
1.39,1.05,0.15,0.17,0.02,7.5,1992.0
1.39,0.64,0.12,0.42,0.22,7.5,2016.0
1.39,0.71,0.0,0.54,0.13,7.7,2011.0
1.39,0.44,0.01,0.72,0.22,7.5,2017.0
1.38,0.77,0.02,0.47,0.12,8.8,2011.0
1.38,0.88,0.02,0.35,0.13,7.5,2014.0
1.38,0.36,0.02,0.69,0.31,7.5,2012.0
1.38,0.43,0.01,0.69,0.26,8.4,2008.0
1.38,0.5,0.07,0.6,0.22,8.8,2011.0
1.37,0.43,0.15,0.57,0.22,8.1,2010.0
1.37,0.24,0.16,0.7,0.26,7.5,2006.0
1.37,0.73,0.02,0.5,0.13,8.7,2011.0
1.37,0.63,0.0,0.57,0.16,5.5,2011.0
1.37,0.89,0.02,0.22,0.24,7.5,2014.0
1.36,0.85,0.13,0.28,0.1,7.7,2010.0
1.36,0.14,0.04,0.98,0.2,7.5,2016.0
1.36,0.81,0.11,0.28,0.15,8.2,2011.0
1.36,0.55,0.01,0.58,0.22,9.0,2017.0
1.36,0.27,1.0,0.08,0.01,7.5,1986.0
1.36,0.79,0.01,0.42,0.13,6.6,2009.0
1.35,0.23,0.02,0.73,0.37,8.1,2008.0
1.35,0.31,0.01,0.89,0.14,7.5,2007.0
1.35,0.63,0.01,0.57,0.14,8.9,2008.0
1.34,0.76,0.05,0.36,0.17,8.6,2008.0
1.34,0.25,0.08,0.75,0.26,8.4,2010.0
1.34,0.84,0.24,0.22,0.04,7.9,2005.0
1.34,0.67,0.13,0.36,0.18,9.0,2011.0
1.34,0.95,0.01,0.21,0.18,7.5,2002.0
1.34,1.22,0.05,0.05,0.01,7.7,2006.0
1.34,0.66,0.04,0.45,0.2,8.2,2008.0
1.34,0.79,0.08,0.34,0.13,8.5,2008.0
1.33,0.62,0.01,0.5,0.2,7.3,2007.0
1.33,0.58,0.09,0.45,0.21,7.5,2013.0
1.33,0.66,0.05,0.5,0.12,8.3,2010.0
1.33,0.48,0.06,0.57,0.22,8.8,2011.0
1.33,0.58,0.05,0.56,0.14,9.5,2009.0
1.33,0.92,0.01,0.35,0.05,7.9,2002.0
1.33,0.9,0.01,0.38,0.05,7.1,2000.0
1.32,0.52,0.1,0.49,0.2,5.1,2018.0
1.32,0.03,0.02,1.16,0.11,7.5,1999.0
1.32,0.47,0.06,0.59,0.2,7.9,2011.0
1.32,0.77,0.09,0.3,0.16,7.4,2010.0
1.32,0.9,0.0,0.31,0.11,8.6,2010.0
1.32,0.69,0.02,0.38,0.24,7.6,2005.0
1.31,0.3,0.02,0.78,0.2,7.5,2016.0
1.3,0.46,0.07,0.57,0.2,7.5,2014.0
1.3,1.07,0.02,0.04,0.17,6.3,2006.0
1.3,0.56,0.28,0.38,0.08,7.5,2000.0
1.29,1.1,0.06,0.04,0.09,7.5,2009.0
1.29,0.67,0.0,0.49,0.13,7.5,2008.0
1.29,0.38,0.41,0.35,0.15,7.5,2015.0
1.29,0.39,0.85,0.02,0.03,7.5,2003.0
1.29,0.4,0.13,0.58,0.19,7.9,2016.0
1.29,0.73,0.01,0.44,0.11,7.5,2014.0
1.28,0.5,0.01,0.56,0.21,7.5,2013.0
1.28,0.45,0.02,0.66,0.15,6.4,2006.0
1.28,0.69,0.03,0.34,0.22,7.5,2015.0
1.28,0.29,0.04,0.76,0.19,7.5,2015.0
1.27,0.49,0.26,0.38,0.13,7.7,2003.0
1.27,0.33,0.05,0.69,0.19,7.5,2013.0
1.27,0.74,0.0,0.4,0.12,7.5,2011.0
1.27,0.58,0.21,0.4,0.08,9.3,1997.0
1.27,0.39,0.53,0.26,0.08,7.5,1995.0
1.26,0.94,0.02,0.17,0.14,6.3,2008.0
1.26,0.02,0.01,1.13,0.1,7.5,1998.0
1.26,0.43,0.05,0.5,0.28,6.3,2009.0
1.26,0.45,0.05,0.55,0.21,7.8,2008.0
1.26,0.35,0.09,0.63,0.19,7.5,2014.0
1.26,0.05,1.1,0.03,0.08,7.5,1998.0
1.25,0.49,0.01,0.0,0.75,7.5,2008.0
1.25,0.68,0.04,0.41,0.12,6.5,2011.0
1.25,1.01,0.03,0.04,0.16,7.7,2006.0
1.25,0.47,0.03,0.53,0.22,7.5,2007.0
1.25,1.0,0.02,0.13,0.1,8.4,2005.0
1.25,0.99,0.1,0.13,0.04,7.5,1998.0
1.24,0.49,0.03,0.51,0.2,7.8,2006.0
1.24,0.24,0.75,0.19,0.06,7.5,2000.0
1.24,0.73,0.01,0.39,0.11,7.5,2015.0
1.23,0.3,0.07,0.64,0.22,8.2,2010.0
1.23,0.79,0.12,0.27,0.04,7.6,2004.0
1.23,0.54,0.62,0.06,0.01,7.5,1987.0
1.22,1.05,0.01,0.06,0.1,6.9,2005.0
1.22,0.59,0.01,0.46,0.15,7.5,2002.0
1.22,0.59,0.01,0.46,0.15,7.5,2006.0
1.22,0.13,1.0,0.07,0.02,7.4,1997.0
1.22,0.27,0.85,0.08,0.02,7.5,1993.0
1.21,0.69,0.01,0.48,0.03,7.5,2003.0
1.21,0.44,0.21,0.4,0.16,8.6,2010.0
1.21,0.13,0.01,0.7,0.36,7.0,2010.0
1.21,0.25,0.03,0.7,0.24,7.5,2007.0
1.21,0.66,0.01,0.48,0.06,7.5,2000.0
1.2,0.12,0.11,0.75,0.23,8.4,2011.0
1.2,0.36,0.17,0.5,0.17,7.6,2014.0
1.2,0.72,0.01,0.43,0.04,7.5,2003.0
1.2,0.38,0.05,0.59,0.19,7.5,2015.0
1.2,0.44,0.05,0.52,0.19,9.3,2018.0
1.19,0.18,0.27,0.66,0.08,6.5,2012.0
1.19,0.09,0.11,0.84,0.15,7.5,2008.0
1.19,0.86,0.01,0.27,0.04,7.6,2002.0
1.19,0.38,0.38,0.35,0.09,8.7,2006.0
1.18,0.53,0.02,0.45,0.17,9.0,2011.0
1.18,0.48,0.36,0.24,0.1,7.5,2012.0
1.18,0.61,0.01,0.46,0.1,7.5,2012.0
1.18,0.41,0.02,0.56,0.19,7.5,2015.0
1.18,0.47,0.06,0.45,0.19,10.0,2010.0
1.17,0.48,0.01,0.48,0.19,8.1,2009.0
1.17,0.74,0.02,0.38,0.03,6.6,1998.0
1.17,0.16,0.83,0.11,0.08,7.5,1997.0
1.17,0.74,0.02,0.26,0.15,7.4,2008.0
1.16,0.5,0.02,0.39,0.25,6.6,2007.0
1.16,0.21,0.77,0.16,0.02,7.5,1995.0
1.16,0.16,0.01,0.68,0.31,7.9,2009.0
1.16,0.39,0.43,0.27,0.08,8.2,1997.0
1.16,0.51,0.01,0.51,0.12,7.6,2008.0
1.16,0.64,0.0,0.42,0.1,8.0,2014.0
1.15,0.67,0.06,0.32,0.1,8.6,2017.0
1.15,0.14,0.88,0.11,0.02,8.8,2017.0
1.14,0.12,0.88,0.1,0.03,7.5,2002.0
1.14,0.31,0.76,0.03,0.04,8.3,2008.0
1.14,0.21,0.04,0.72,0.17,7.5,2017.0
1.14,0.25,0.65,0.17,0.07,8.4,1998.0
1.14,0.78,0.2,0.03,0.13,9.1,2005.0
1.14,0.44,0.25,0.34,0.11,7.5,2003.0
1.14,0.72,0.01,0.3,0.11,7.5,2016.0
1.14,0.7,0.01,0.39,0.03,7.5,2004.0
1.14,0.43,0.02,0.51,0.19,6.6,2008.0
1.13,0.47,0.01,0.47,0.19,7.5,2017.0
1.13,0.53,0.09,0.38,0.13,8.0,2011.0
1.13,0.85,0.01,0.19,0.08,8.0,2011.0
1.13,0.5,0.06,0.4,0.16,8.1,2010.0
1.13,0.54,0.0,0.5,0.09,8.0,2014.0
1.13,0.31,0.02,0.59,0.21,7.7,2008.0
1.12,0.63,0.02,0.36,0.1,7.5,2010.0
1.12,0.33,0.01,0.53,0.25,7.4,2012.0
1.12,0.72,0.01,0.29,0.09,8.0,2011.0
1.12,1.03,0.01,0.0,0.08,7.9,2005.0
1.11,0.63,0.0,0.37,0.11,7.5,2007.0
1.11,0.44,0.02,0.57,0.09,6.0,2018.0
1.11,0.5,0.1,0.37,0.15,8.1,2010.0
1.11,0.61,0.02,0.38,0.1,10.0,2010.0
1.11,0.33,0.0,0.6,0.18,7.5,2017.0
1.11,0.49,0.01,0.43,0.18,7.5,2014.0
1.1,0.52,0.04,0.4,0.13,7.5,2001.0
1.1,0.35,0.13,0.55,0.07,5.8,2017.0
1.1,0.45,0.01,0.52,0.12,7.5,2007.0
1.1,0.31,0.03,0.57,0.19,8.6,2008.0
1.09,0.53,0.03,0.42,0.11,8.1,2008.0
1.09,0.89,0.01,0.03,0.15,7.5,2006.0
1.09,0.44,0.01,0.46,0.18,7.5,2010.0
1.09,0.31,0.45,0.22,0.11,7.1,2014.0
1.09,0.82,0.01,0.17,0.09,8.2,2009.0
1.09,0.29,0.05,0.59,0.16,7.5,2014.0
1.09,0.54,0.01,0.33,0.22,6.5,2005.0
1.08,0.64,0.04,0.28,0.12,7.3,2010.0
1.08,0.68,0.19,0.18,0.03,6.6,2005.0
1.08,0.29,0.08,0.52,0.2,8.7,2007.0
1.08,0.03,0.51,0.46,0.08,8.3,2013.0
1.08,0.28,0.03,0.5,0.27,9.2,2009.0
1.07,0.08,0.04,0.9,0.05,7.5,2008.0
1.07,0.66,0.0,0.3,0.1,7.2,2008.0
1.07,0.53,0.01,0.42,0.11,7.5,2008.0
1.07,0.54,0.0,0.42,0.11,7.5,2009.0
1.07,0.49,0.09,0.34,0.15,7.8,2008.0
1.07,0.17,0.77,0.12,0.02,9.0,1995.0
1.07,0.79,0.03,0.18,0.08,8.4,2011.0
1.07,0.17,0.71,0.12,0.07,7.5,1996.0
1.07,0.47,0.03,0.41,0.17,8.3,2008.0
1.06,0.43,0.09,0.46,0.09,6.8,2008.0
1.06,0.65,0.01,0.3,0.1,7.1,2008.0
1.06,0.44,0.01,0.52,0.08,6.3,2011.0
1.06,0.67,0.01,0.28,0.1,7.8,2010.0
1.06,0.27,0.01,0.58,0.2,9.0,2011.0
1.05,0.42,0.04,0.5,0.08,7.5,2013.0
1.05,0.56,0.05,0.26,0.17,9.1,2013.0
1.05,0.31,0.09,0.49,0.15,7.5,2017.0
1.05,0.23,0.03,0.58,0.21,7.5,2007.0
1.05,0.55,0.03,0.33,0.14,7.5,2012.0
1.05,0.63,0.0,0.32,0.1,7.5,2009.0
1.05,0.46,0.2,0.31,0.09,7.2,2009.0
1.05,0.95,0.01,0.02,0.08,7.3,2007.0
1.04,0.59,0.01,0.35,0.09,6.8,2011.0
1.04,0.25,0.02,0.62,0.16,7.5,2017.0
1.04,0.45,0.22,0.3,0.07,7.5,1997.0
1.04,0.31,0.05,0.5,0.17,8.1,2012.0
1.04,0.5,0.31,0.2,0.03,6.1,1997.0
1.04,0.16,0.0,0.58,0.3,7.7,2009.0
1.04,0.44,0.45,0.12,0.03,7.4,2006.0
1.04,0.56,0.01,0.37,0.1,8.2,2009.0
1.03,0.56,0.01,0.32,0.14,5.3,2008.0
1.03,0.34,0.02,0.48,0.19,7.5,2007.0
1.03,0.32,0.01,0.59,0.12,7.5,2007.0
1.03,0.32,0.26,0.36,0.08,7.5,2007.0
1.03,0.57,0.02,0.35,0.1,7.5,2009.0
1.02,0.73,0.01,0.26,0.03,6.9,2004.0
1.02,0.61,0.01,0.32,0.08,8.5,2011.0
1.02,0.56,0.37,0.05,0.05,7.5,2012.0
1.01,0.31,0.01,0.53,0.16,7.5,2016.0
1.01,0.38,0.05,0.41,0.16,7.5,2015.0
1.01,0.12,0.05,0.65,0.18,7.9,2012.0
1.01,0.54,0.02,0.34,0.1,8.2,2008.0
1.01,0.91,0.0,0.02,0.08,8.4,2009.0
1.01,0.23,0.02,0.6,0.15,7.5,2016.0
1.01,0.37,0.04,0.52,0.09,6.9,2010.0
1.0,0.13,0.03,0.76,0.09,7.5,2008.0
1.0,0.65,0.19,0.15,0.01,8.9,2000.0
1.0,0.13,0.74,0.1,0.03,7.5,2003.0
1.0,0.33,0.01,0.5,0.16,8.5,2011.0
1.0,0.29,0.46,0.19,0.07,7.6,1998.0
1.0,0.73,0.0,0.15,0.11,7.5,2008.0
1.0,0.57,0.01,0.33,0.09,8.4,2013.0
1.0,0.78,0.03,0.18,0.0,7.5,2003.0
1.0,0.72,0.0,0.2,0.08,7.5,2012.0
1.0,0.3,0.38,0.24,0.08,7.5,2000.0
0.99,0.63,0.0,0.27,0.09,7.5,2014.0
0.99,0.73,0.0,0.16,0.1,8.4,2013.0
0.99,0.3,0.38,0.23,0.08,7.5,2001.0
0.99,0.28,0.45,0.19,0.07,7.5,2012.0
0.99,0.65,0.0,0.24,0.09,7.1,2010.0
0.99,0.27,0.0,0.53,0.19,8.8,2009.0
0.99,0.5,0.04,0.28,0.16,7.5,2012.0
0.99,0.28,0.64,0.05,0.03,8.0,2008.0
0.99,0.49,0.02,0.33,0.15,5.6,2008.0
0.98,0.62,0.21,0.13,0.02,7.5,1993.0
0.98,0.34,0.06,0.44,0.15,8.3,2013.0
0.98,0.33,0.03,0.47,0.16,7.5,2014.0
0.98,0.86,0.01,0.03,0.07,4.6,2005.0
0.98,0.02,0.19,0.53,0.25,7.8,2008.0
0.98,0.38,0.06,0.4,0.15,7.4,2012.0
0.98,0.29,0.38,0.23,0.08,8.6,2002.0
0.98,0.5,0.28,0.19,0.02,7.5,2005.0
0.97,0.4,0.01,0.41,0.16,7.5,2018.0
0.97,0.78,0.03,0.03,0.13,7.5,2007.0
0.97,0.49,0.29,0.18,0.01,8.8,2003.0
0.96,0.41,0.09,0.33,0.13,7.5,2012.0
0.96,0.38,0.26,0.25,0.07,8.6,2003.0
0.96,0.32,0.57,0.06,0.01,7.5,1988.0
0.96,0.4,0.13,0.36,0.07,6.9,2011.0
0.96,0.36,0.22,0.28,0.09,7.5,2002.0
0.95,0.24,0.01,0.53,0.17,8.2,2011.0
0.95,0.29,0.2,0.34,0.12,6.6,2010.0
0.95,0.34,0.36,0.16,0.09,6.3,2010.0
0.95,0.39,0.53,0.0,0.03,7.5,2007.0
0.95,0.26,0.46,0.17,0.06,8.9,1997.0
0.95,0.54,0.0,0.32,0.09,5.6,2008.0
0.95,0.27,0.41,0.21,0.07,7.5,2000.0
0.95,0.41,0.31,0.18,0.06,8.2,2012.0
0.94,0.01,0.01,0.71,0.21,7.5,2003.0
0.94,0.1,0.71,0.07,0.06,7.4,2000.0
0.94,0.51,0.01,0.3,0.12,7.5,2008.0
0.93,0.51,0.32,0.09,0.01,7.5,1992.0
0.93,0.36,0.02,0.45,0.1,7.4,2009.0
0.93,0.44,0.39,0.05,0.05,8.1,2005.0
0.93,0.53,0.27,0.09,0.05,6.8,2011.0
0.93,0.51,0.09,0.25,0.08,8.9,2010.0
0.92,0.43,0.16,0.25,0.07,9.3,2012.0
0.92,0.3,0.21,0.33,0.08,7.7,2007.0
0.92,0.2,0.04,0.47,0.2,7.4,2013.0
0.92,0.39,0.43,0.09,0.01,7.5,1986.0
0.92,0.63,0.02,0.2,0.08,7.0,2010.0
0.92,0.12,0.66,0.08,0.06,7.7,1996.0
0.92,0.51,0.01,0.32,0.08,7.6,2013.0
0.92,0.35,0.02,0.42,0.13,7.5,2012.0
0.92,0.28,0.02,0.51,0.11,7.9,2009.0
0.91,0.23,0.05,0.46,0.17,7.3,2009.0
0.91,0.25,0.46,0.14,0.06,5.8,2011.0
0.91,0.48,0.02,0.32,0.09,5.8,2008.0
0.91,0.02,0.02,0.8,0.07,8.3,2000.0
0.91,0.58,0.01,0.24,0.09,8.0,2008.0
0.91,0.35,0.21,0.27,0.09,7.5,2003.0
0.91,0.26,0.03,0.48,0.14,8.2,2013.0
0.9,0.66,0.04,0.12,0.09,7.0,2011.0
0.9,0.34,0.07,0.36,0.14,9.3,2015.0
0.9,0.48,0.02,0.33,0.08,7.5,2012.0
0.9,0.45,0.11,0.26,0.08,7.5,2008.0
0.9,0.32,0.04,0.4,0.15,6.6,2011.0
0.9,0.41,0.01,0.43,0.05,7.5,2004.0
0.9,0.27,0.05,0.36,0.22,8.0,2009.0
0.9,0.74,0.01,0.03,0.12,4.4,2007.0
0.9,0.17,0.55,0.13,0.05,7.5,2007.0
0.89,0.3,0.3,0.23,0.05,7.8,2012.0
0.89,0.42,0.0,0.33,0.14,7.0,2008.0
0.89,0.28,0.0,0.52,0.09,7.5,2008.0
0.89,0.41,0.01,0.37,0.09,6.7,2008.0
0.89,0.46,0.24,0.17,0.02,7.5,2004.0
0.89,0.42,0.3,0.16,0.02,8.4,2005.0
0.89,0.21,0.46,0.13,0.09,8.3,2011.0
0.89,0.33,0.12,0.31,0.13,8.7,2018.0
0.88,0.5,0.0,0.29,0.09,7.5,2008.0
0.88,0.44,0.0,0.35,0.08,7.1,2010.0
0.88,0.55,0.0,0.24,0.08,6.6,2011.0
0.88,0.44,0.09,0.3,0.06,7.5,1997.0
0.88,0.8,0.01,0.0,0.07,7.5,2006.0
0.88,0.42,0.01,0.31,0.14,7.5,2012.0
0.88,0.35,0.01,0.38,0.15,7.7,2009.0
0.88,0.18,0.01,0.59,0.1,8.4,2010.0
0.88,0.5,0.01,0.29,0.08,7.3,2008.0
0.87,0.27,0.13,0.35,0.12,7.5,2014.0
0.87,0.3,0.3,0.2,0.06,9.3,2000.0
0.87,0.55,0.01,0.24,0.07,7.5,2012.0
0.87,0.39,0.28,0.09,0.11,7.5,2013.0
0.87,0.25,0.2,0.37,0.05,6.2,2016.0
0.87,0.11,0.64,0.09,0.03,7.5,2007.0
0.87,0.29,0.02,0.4,0.16,6.0,2008.0
0.87,0.48,0.01,0.29,0.09,8.4,2009.0
0.87,0.46,0.12,0.22,0.06,7.6,2010.0
0.87,0.62,0.0,0.18,0.07,5.6,2011.0
0.87,0.47,0.0,0.3,0.09,7.6,2008.0
0.87,0.43,0.09,0.29,0.06,7.5,1997.0
0.87,0.33,0.01,0.44,0.09,8.7,2008.0
0.87,0.32,0.12,0.26,0.17,7.4,2005.0
0.87,0.38,0.01,0.4,0.08,7.9,2012.0
0.87,0.35,0.08,0.37,0.06,7.4,2016.0
0.87,0.51,0.01,0.27,0.08,7.5,2008.0
0.87,0.31,0.19,0.32,0.06,6.3,2017.0
0.86,0.35,0.21,0.24,0.06,7.2,2014.0
0.86,0.69,0.0,0.1,0.07,7.5,2010.0
0.86,0.01,0.12,0.72,0.01,8.2,2007.0
0.86,0.14,0.01,0.54,0.17,7.5,2008.0
0.86,0.17,0.51,0.13,0.04,7.5,2003.0
0.86,0.41,0.03,0.28,0.14,7.5,2016.0
0.86,0.16,0.28,0.29,0.13,7.5,2014.0
0.85,0.19,0.01,0.52,0.13,7.5,2016.0
0.85,0.35,0.04,0.39,0.07,7.5,2015.0
0.85,0.37,0.09,0.29,0.1,7.5,2012.0
0.85,0.35,0.01,0.37,0.13,8.3,2012.0
0.85,0.22,0.18,0.34,0.12,7.3,2008.0
0.85,0.4,0.37,0.07,0.01,7.5,1990.0
0.85,0.14,0.57,0.09,0.06,8.2,1996.0
0.85,0.32,0.2,0.25,0.08,7.5,2000.0
0.85,0.32,0.02,0.42,0.09,8.4,2010.0
0.85,0.28,0.03,0.41,0.13,7.5,2014.0
0.85,0.52,0.08,0.16,0.1,8.5,2009.0
0.85,0.44,0.02,0.3,0.09,7.9,2009.0
0.85,0.44,0.01,0.27,0.13,7.1,2010.0
0.84,0.42,0.1,0.22,0.1,7.5,2012.0
0.84,0.75,0.01,0.01,0.07,8.2,2009.0
0.84,0.35,0.05,0.37,0.07,6.9,2012.0
0.84,0.34,0.15,0.29,0.06,8.1,2015.0
0.84,0.24,0.39,0.16,0.05,8.3,2007.0
0.84,0.46,0.01,0.25,0.12,8.2,2009.0
0.84,0.46,0.02,0.28,0.08,7.0,2012.0
0.83,0.58,0.0,0.17,0.07,8.4,2008.0
0.83,0.4,0.05,0.26,0.12,7.7,2011.0
0.83,0.39,0.12,0.26,0.05,7.5,1998.0
0.83,0.27,0.28,0.21,0.07,7.5,2000.0
0.83,0.35,0.0,0.41,0.07,7.5,2014.0
0.83,0.49,0.02,0.25,0.07,7.5,2015.0
0.83,0.43,0.11,0.19,0.1,6.0,2010.0
0.83,0.24,0.34,0.19,0.06,7.5,2000.0
0.83,0.3,0.04,0.35,0.14,4.5,2011.0
0.83,0.62,0.01,0.18,0.03,7.5,2003.0
0.83,0.32,0.05,0.32,0.14,6.1,2007.0
0.83,0.41,0.01,0.33,0.09,8.0,2007.0
0.82,0.14,0.14,0.43,0.1,7.5,2015.0
0.82,0.42,0.28,0.1,0.02,7.5,1985.0
0.82,0.22,0.05,0.42,0.12,6.5,2018.0
0.82,0.25,0.01,0.43,0.12,6.5,2011.0
0.82,0.33,0.07,0.25,0.17,8.7,2008.0
0.82,0.67,0.06,0.03,0.05,7.5,2008.0
0.82,0.4,0.03,0.25,0.14,9.7,2012.0
0.82,0.2,0.3,0.27,0.04,8.1,2014.0
0.81,0.06,0.66,0.04,0.05,7.5,2001.0
0.81,0.12,0.03,0.58,0.08,7.0,2009.0
0.81,0.45,0.27,0.08,0.01,7.5,1987.0
0.81,0.35,0.09,0.27,0.09,7.5,2007.0
0.81,0.21,0.39,0.14,0.07,7.5,2015.0
0.81,0.24,0.19,0.29,0.1,7.5,2013.0
0.81,0.53,0.13,0.1,0.05,8.0,2010.0
0.81,0.48,0.0,0.25,0.08,6.2,2008.0
0.81,0.38,0.01,0.35,0.07,7.5,2013.0
0.8,0.31,0.09,0.34,0.07,7.5,2009.0
0.8,0.37,0.14,0.23,0.06,5.9,2013.0
0.8,0.09,0.2,0.33,0.18,7.5,2009.0
0.8,0.32,0.0,0.39,0.09,8.8,2009.0
0.8,0.04,0.26,0.33,0.17,7.3,2008.0
0.79,0.28,0.23,0.22,0.07,7.5,2000.0
0.79,0.05,0.29,0.3,0.16,7.5,2010.0
0.79,0.64,0.02,0.03,0.1,7.5,2007.0
0.79,0.45,0.0,0.27,0.07,8.6,2012.0
0.79,0.35,0.08,0.23,0.12,7.5,2014.0
0.79,0.44,0.01,0.27,0.07,5.6,2013.0
0.79,0.14,0.02,0.52,0.12,7.5,2016.0
0.79,0.42,0.07,0.24,0.06,7.5,2012.0
0.79,0.47,0.01,0.23,0.08,6.2,2009.0
0.79,0.49,0.05,0.12,0.13,7.5,2015.0
0.79,0.39,0.32,0.07,0.01,7.5,1992.0
0.78,0.45,0.02,0.24,0.07,8.1,2009.0
0.78,0.07,0.03,0.56,0.11,8.0,2017.0
0.78,0.24,0.01,0.33,0.19,5.6,2008.0
0.78,0.24,0.06,0.36,0.11,7.5,2017.0
0.78,0.43,0.01,0.27,0.07,7.6,2010.0
0.78,0.22,0.17,0.32,0.07,7.5,2009.0
0.78,0.42,0.01,0.27,0.07,7.5,2015.0
0.78,0.38,0.03,0.3,0.08,6.5,2008.0
0.78,0.24,0.02,0.4,0.12,7.5,2016.0
0.78,0.49,0.01,0.19,0.09,8.4,2008.0
0.78,0.67,0.01,0.04,0.06,8.5,2006.0
0.77,0.28,0.12,0.3,0.07,7.5,2010.0
0.77,0.42,0.08,0.21,0.07,7.0,2007.0
0.77,0.37,0.11,0.19,0.1,5.6,2009.0
0.77,0.21,0.38,0.14,0.04,5.3,2005.0
0.77,0.45,0.14,0.17,0.01,7.5,2005.0
0.77,0.32,0.24,0.12,0.08,7.5,2012.0
0.77,0.23,0.03,0.32,0.19,5.4,2008.0
0.77,0.3,0.03,0.38,0.07,5.6,2011.0
0.77,0.55,0.03,0.14,0.06,7.5,2012.0
0.76,0.38,0.08,0.24,0.06,6.5,2010.0
0.76,0.36,0.01,0.31,0.08,6.8,2007.0
0.76,0.18,0.42,0.12,0.05,7.5,1996.0
0.76,0.31,0.13,0.24,0.08,8.2,2002.0
0.76,0.32,0.0,0.35,0.08,8.0,2008.0
0.76,0.09,0.12,0.45,0.1,7.5,2014.0
0.76,0.17,0.43,0.11,0.05,7.5,1995.0
0.76,0.31,0.03,0.36,0.06,7.5,2013.0
0.76,0.14,0.22,0.32,0.09,7.6,2013.0
0.76,0.09,0.62,0.03,0.02,7.5,2006.0
0.76,0.42,0.02,0.25,0.07,7.5,2016.0
0.76,0.57,0.07,0.02,0.09,7.5,2005.0
0.76,0.26,0.27,0.19,0.04,6.5,2012.0
0.75,0.49,0.01,0.19,0.07,7.5,2015.0
0.75,0.47,0.02,0.14,0.12,7.5,2012.0
0.75,0.3,0.2,0.21,0.05,7.5,2001.0
0.75,0.17,0.01,0.46,0.12,8.0,2017.0
0.75,0.12,0.19,0.36,0.09,7.5,2017.0
0.75,0.48,0.01,0.19,0.07,7.5,2014.0
0.75,0.16,0.01,0.38,0.21,7.5,2009.0
0.75,0.3,0.13,0.24,0.08,7.5,2001.0
0.75,0.08,0.18,0.41,0.09,7.5,2016.0
0.75,0.18,0.06,0.47,0.05,5.9,2018.0
0.75,0.28,0.23,0.19,0.05,7.5,1997.0
0.75,0.22,0.3,0.17,0.06,7.9,2001.0
0.75,0.46,0.01,0.2,0.07,6.6,2008.0
0.75,0.29,0.01,0.32,0.13,6.8,2007.0
0.75,0.18,0.06,0.38,0.14,5.0,2006.0
0.74,0.16,0.5,0.06,0.02,7.5,2005.0
0.74,0.3,0.22,0.16,0.07,7.5,2011.0
0.74,0.27,0.14,0.25,0.09,7.5,2012.0
0.74,0.33,0.02,0.27,0.12,8.6,2009.0
0.74,0.42,0.15,0.16,0.01,7.5,2003.0
0.74,0.58,0.02,0.08,0.05,7.5,2009.0
0.74,0.2,0.24,0.22,0.08,7.5,2010.0
0.74,0.32,0.19,0.18,0.05,8.1,2008.0
0.74,0.41,0.01,0.21,0.1,6.4,2009.0
0.74,0.39,0.01,0.27,0.06,5.4,2017.0
0.73,0.31,0.01,0.3,0.11,7.5,2010.0
0.73,0.14,0.46,0.09,0.05,7.5,1997.0
0.73,0.4,0.17,0.15,0.01,7.5,2004.0
0.73,0.47,0.17,0.02,0.08,8.5,2004.0
0.73,0.29,0.01,0.32,0.12,7.1,2011.0
0.73,0.36,0.02,0.29,0.06,7.9,2012.0
0.73,0.28,0.22,0.15,0.07,8.1,2010.0
0.72,0.27,0.27,0.14,0.04,7.7,2018.0
0.72,0.05,0.61,0.04,0.01,7.5,2003.0
0.72,0.28,0.05,0.33,0.05,7.5,2014.0
0.72,0.43,0.25,0.01,0.04,7.5,2008.0
0.72,0.22,0.02,0.37,0.12,8.3,2010.0
0.72,0.11,0.01,0.5,0.09,8.5,2011.0
0.72,0.36,0.32,0.0,0.03,8.9,2005.0
0.72,0.25,0.01,0.34,0.12,7.5,2016.0
0.72,0.51,0.0,0.14,0.07,7.5,2008.0
0.72,0.59,0.01,0.02,0.1,7.5,2007.0
0.71,0.18,0.41,0.07,0.04,7.5,2008.0
0.71,0.39,0.17,0.09,0.06,9.1,1997.0
0.71,0.15,0.41,0.1,0.05,7.5,1996.0
0.71,0.49,0.07,0.13,0.02,4.4,2003.0
0.71,0.26,0.01,0.32,0.11,6.0,2014.0
0.71,0.22,0.02,0.36,0.11,8.5,2018.0
0.71,0.2,0.44,0.05,0.02,7.5,2004.0
0.71,0.3,0.2,0.15,0.06,7.9,2011.0
0.71,0.23,0.01,0.4,0.07,9.1,2011.0
0.71,0.23,0.29,0.15,0.05,7.5,2000.0
0.71,0.39,0.0,0.25,0.06,7.6,2014.0
0.71,0.24,0.22,0.2,0.04,8.7,2013.0
0.71,0.38,0.0,0.26,0.06,7.5,2012.0
0.71,0.62,0.0,0.03,0.06,7.5,2007.0
0.7,0.25,0.0,0.37,0.07,8.1,2011.0
0.7,0.14,0.39,0.15,0.03,8.1,2017.0
0.7,0.16,0.36,0.13,0.04,7.5,2001.0
0.7,0.04,0.58,0.03,0.05,6.2,1999.0
0.7,0.52,0.12,0.01,0.05,6.6,2005.0
0.7,0.36,0.04,0.19,0.11,7.5,2017.0
0.7,0.23,0.3,0.14,0.04,7.7,2010.0
0.7,0.1,0.28,0.29,0.03,7.5,2016.0
0.7,0.37,0.17,0.14,0.01,6.6,2004.0
0.7,0.18,0.02,0.37,0.12,6.2,2010.0
0.69,0.52,0.01,0.08,0.08,8.7,2010.0
0.69,0.23,0.24,0.17,0.04,5.0,2017.0
0.69,0.38,0.01,0.24,0.06,8.5,2018.0
0.69,0.19,0.01,0.36,0.12,7.5,2010.0
0.69,0.26,0.26,0.01,0.17,6.9,2007.0
0.69,0.36,0.0,0.27,0.06,7.9,2014.0
0.68,0.31,0.18,0.13,0.05,7.5,2012.0
0.68,0.22,0.05,0.31,0.1,7.5,2014.0
0.68,0.25,0.22,0.17,0.04,7.5,1998.0
0.68,0.1,0.04,0.45,0.1,5.9,2015.0
0.68,0.23,0.2,0.18,0.06,7.5,2003.0
0.68,0.25,0.03,0.35,0.05,9.5,2013.0
0.68,0.15,0.38,0.1,0.04,8.5,1999.0
0.68,0.4,0.22,0.01,0.05,7.5,2013.0
0.68,0.33,0.01,0.18,0.16,7.5,2014.0
0.68,0.28,0.11,0.22,0.07,7.5,2006.0
0.68,0.3,0.0,0.32,0.06,6.8,2011.0
0.68,0.21,0.28,0.11,0.08,8.0,2008.0
0.67,0.38,0.01,0.22,0.06,9.0,2018.0
0.67,0.31,0.01,0.29,0.06,7.5,2017.0
0.67,0.22,0.23,0.17,0.06,7.5,2002.0
0.67,0.19,0.31,0.13,0.04,6.5,2000.0
0.67,0.27,0.11,0.21,0.08,7.5,2012.0
0.67,0.35,0.01,0.21,0.1,7.5,2008.0
0.67,0.33,0.01,0.22,0.11,7.5,2008.0
0.67,0.26,0.02,0.29,0.11,6.6,2007.0
0.66,0.33,0.03,0.24,0.05,7.5,2014.0
0.66,0.24,0.01,0.3,0.11,7.5,2014.0
0.66,0.15,0.32,0.1,0.08,7.5,2014.0
0.66,0.12,0.41,0.08,0.04,7.5,1999.0
0.66,0.22,0.42,0.01,0.02,7.7,2008.0
0.66,0.17,0.3,0.13,0.05,6.3,2005.0
0.66,0.09,0.06,0.38,0.13,7.5,2014.0
0.66,0.31,0.01,0.24,0.1,6.0,2008.0
0.66,0.22,0.01,0.32,0.11,7.5,2014.0
0.66,0.06,0.55,0.03,0.01,4.8,2010.0
0.66,0.42,0.01,0.17,0.05,7.9,2010.0
0.66,0.15,0.01,0.4,0.1,7.9,2014.0
0.65,0.41,0.12,0.11,0.02,8.4,2003.0
0.65,0.27,0.0,0.31,0.07,7.5,2008.0
0.65,0.25,0.3,0.09,0.01,7.5,2005.0
0.65,0.23,0.03,0.33,0.05,8.0,2017.0
0.65,0.39,0.01,0.2,0.05,7.5,2010.0
0.65,0.28,0.05,0.22,0.1,7.5,2014.0
0.65,0.29,0.01,0.28,0.07,5.6,2008.0
0.65,0.22,0.19,0.16,0.08,7.5,2017.0
0.65,0.02,0.58,0.01,0.04,7.5,2000.0
0.65,0.23,0.21,0.15,0.07,7.6,2015.0
0.65,0.21,0.09,0.26,0.09,7.5,2016.0
0.65,0.2,0.22,0.14,0.09,7.5,2008.0
0.65,0.28,0.33,0.02,0.03,7.5,2007.0
0.64,0.17,0.4,0.04,0.02,6.1,2010.0
0.64,0.49,0.01,0.09,0.05,6.0,2010.0
0.64,0.2,0.01,0.33,0.1,7.5,2014.0
0.64,0.28,0.19,0.13,0.04,7.7,2009.0
0.64,0.31,0.07,0.17,0.08,6.3,2008.0
0.64,0.44,0.04,0.1,0.05,7.6,1999.0
0.64,0.15,0.01,0.39,0.1,7.5,2016.0
0.64,0.15,0.34,0.12,0.04,7.5,2006.0
0.64,0.26,0.07,0.21,0.1,6.6,2013.0
0.63,0.35,0.01,0.21,0.06,6.5,2018.0
0.63,0.17,0.2,0.19,0.07,6.6,2010.0
0.63,0.16,0.02,0.35,0.09,7.5,2012.0
0.63,0.22,0.16,0.2,0.05,8.7,2008.0
0.63,0.32,0.25,0.05,0.01,7.5,1991.0
0.63,0.12,0.38,0.09,0.03,8.0,2003.0
0.63,0.16,0.01,0.35,0.11,6.9,2011.0
0.63,0.3,0.01,0.23,0.1,7.9,2006.0
0.63,0.56,0.01,0.02,0.05,7.5,2007.0
0.63,0.23,0.27,0.09,0.04,5.4,2011.0
0.62,0.21,0.23,0.14,0.04,7.5,2000.0
0.62,0.38,0.12,0.1,0.02,9.4,2003.0
0.62,0.3,0.25,0.03,0.03,7.9,2007.0
0.62,0.19,0.11,0.26,0.06,4.8,2007.0
0.62,0.04,0.02,0.47,0.09,8.0,2017.0
0.62,0.56,0.0,0.0,0.05,8.3,2008.0
0.62,0.3,0.02,0.25,0.05,7.5,2014.0
0.62,0.18,0.0,0.28,0.16,7.5,2009.0
0.62,0.22,0.01,0.27,0.11,6.9,2009.0
0.62,0.47,0.01,0.08,0.05,7.5,2010.0
0.62,0.27,0.09,0.18,0.07,5.0,2011.0
0.62,0.16,0.29,0.13,0.04,7.6,2002.0
0.62,0.24,0.09,0.21,0.09,6.7,2016.0
0.62,0.3,0.0,0.26,0.06,7.5,2010.0
0.62,0.2,0.0,0.34,0.07,7.5,2009.0
0.61,0.02,0.57,0.02,0.01,5.6,2006.0
0.61,0.11,0.34,0.13,0.02,8.7,2012.0
0.61,0.21,0.11,0.22,0.08,8.5,2010.0
0.61,0.25,0.0,0.29,0.07,7.5,2009.0
0.61,0.12,0.34,0.11,0.05,7.5,2013.0
0.61,0.27,0.06,0.18,0.09,7.5,2014.0
0.61,0.22,0.08,0.23,0.09,7.1,2009.0
0.61,0.27,0.22,0.1,0.01,8.6,2005.0
0.6,0.33,0.21,0.03,0.03,7.5,2007.0
0.6,0.21,0.09,0.2,0.1,7.5,2012.0
0.6,0.23,0.14,0.17,0.05,7.5,2009.0
0.6,0.37,0.01,0.16,0.06,7.5,2008.0
0.6,0.37,0.14,0.08,0.01,7.5,2000.0
0.6,0.49,0.03,0.03,0.05,8.8,2005.0
0.6,0.21,0.21,0.14,0.04,8.2,1996.0
0.6,0.06,0.21,0.3,0.03,7.5,1998.0
0.6,0.4,0.09,0.1,0.02,8.4,2001.0
0.6,0.09,0.23,0.26,0.02,7.5,1997.0
0.6,0.3,0.0,0.24,0.06,7.6,2009.0
0.59,0.1,0.23,0.2,0.06,7.5,2014.0
0.59,0.17,0.29,0.1,0.03,7.3,2016.0
0.59,0.25,0.0,0.27,0.06,8.3,2010.0
0.59,0.12,0.0,0.37,0.1,7.5,2012.0
0.59,0.23,0.23,0.1,0.03,7.5,2015.0
0.59,0.17,0.2,0.18,0.04,8.3,2010.0
0.59,0.34,0.11,0.13,0.01,7.6,2003.0
0.59,0.22,0.04,0.24,0.08,6.7,2011.0
0.59,0.13,0.01,0.22,0.23,8.0,2010.0
0.59,0.39,0.02,0.13,0.05,7.5,2012.0
0.59,0.13,0.28,0.13,0.05,8.5,2014.0
0.59,0.17,0.05,0.28,0.1,6.3,2010.0
0.59,0.36,0.14,0.08,0.02,6.6,2003.0
0.59,0.54,0.01,0.0,0.03,7.7,2005.0
0.59,0.15,0.26,0.12,0.06,7.5,2012.0
0.59,0.25,0.31,0.0,0.02,7.5,2006.0
0.59,0.21,0.16,0.17,0.06,7.9,2002.0
0.58,0.07,0.23,0.25,0.02,7.5,2016.0
0.58,0.17,0.03,0.3,0.09,7.9,2017.0
0.58,0.01,0.03,0.47,0.08,7.7,2013.0
0.58,0.21,0.0,0.33,0.04,5.0,2017.0
0.58,0.27,0.14,0.11,0.06,7.9,2011.0
0.58,0.29,0.07,0.19,0.04,8.3,1998.0
0.58,0.22,0.23,0.1,0.03,7.2,2010.0
0.58,0.26,0.13,0.14,0.04,8.2,2015.0
0.58,0.22,0.14,0.17,0.06,7.5,2003.0
0.58,0.22,0.01,0.26,0.09,7.5,2014.0
0.58,0.31,0.02,0.19,0.06,6.9,2009.0
0.58,0.12,0.24,0.17,0.06,7.5,2016.0
0.58,0.23,0.16,0.16,0.04,7.5,2001.0
0.58,0.11,0.29,0.12,0.07,7.5,2011.0
0.57,0.24,0.13,0.16,0.04,7.5,1995.0
0.57,0.42,0.02,0.11,0.02,7.5,2002.0
0.57,0.14,0.11,0.25,0.07,7.5,2015.0
0.57,0.11,0.35,0.08,0.04,4.8,1996.0
0.57,0.24,0.31,0.0,0.02,7.5,2008.0
0.57,0.11,0.35,0.08,0.03,7.5,2005.0
0.57,0.19,0.17,0.15,0.05,5.8,2005.0
0.57,0.29,0.03,0.2,0.05,7.5,2015.0
0.57,0.36,0.06,0.1,0.06,8.5,2009.0
0.57,0.22,0.09,0.22,0.04,7.0,2017.0
0.57,0.08,0.0,0.37,0.12,7.8,2008.0
0.57,0.27,0.22,0.06,0.03,6.3,2011.0
0.57,0.35,0.17,0.03,0.03,9.0,2009.0
0.56,0.24,0.13,0.15,0.04,8.6,2015.0
0.56,0.15,0.22,0.11,0.08,7.5,2013.0
0.56,0.13,0.27,0.09,0.06,8.0,2011.0
0.56,0.15,0.26,0.12,0.04,7.5,2005.0
0.56,0.12,0.17,0.22,0.06,8.1,2017.0
0.56,0.33,0.02,0.16,0.05,7.3,2010.0
0.56,0.34,0.01,0.15,0.05,7.5,2008.0
0.56,0.09,0.45,0.02,0.0,7.5,1994.0
0.56,0.21,0.05,0.22,0.09,7.5,2009.0
0.56,0.24,0.01,0.23,0.08,7.9,2010.0
0.56,0.29,0.04,0.17,0.05,8.2,2008.0
0.56,0.15,0.01,0.31,0.09,7.5,2017.0
0.56,0.39,0.07,0.09,0.01,9.0,1999.0
0.56,0.18,0.03,0.26,0.09,7.5,2018.0
0.56,0.31,0.13,0.11,0.01,7.5,2004.0
0.56,0.2,0.02,0.26,0.09,7.5,2014.0
0.56,0.3,0.07,0.15,0.05,9.1,2017.0
0.56,0.11,0.34,0.08,0.04,8.4,2000.0
0.56,0.23,0.09,0.18,0.06,8.0,2007.0
0.55,0.2,0.02,0.24,0.09,7.5,2014.0
0.55,0.34,0.15,0.01,0.06,9.4,2006.0
0.55,0.2,0.17,0.16,0.03,7.5,2017.0
0.55,0.22,0.24,0.08,0.01,7.5,2002.0
0.55,0.25,0.24,0.03,0.03,7.8,2007.0
0.55,0.1,0.02,0.35,0.08,8.5,2017.0
0.55,0.12,0.15,0.25,0.03,7.5,2017.0
0.55,0.19,0.04,0.24,0.07,7.5,2012.0
0.55,0.21,0.12,0.16,0.05,7.5,2001.0
0.55,0.27,0.06,0.18,0.04,7.6,1999.0
0.55,0.29,0.02,0.2,0.04,7.5,1995.0
0.55,0.3,0.0,0.17,0.07,7.5,2009.0
0.55,0.36,0.11,0.03,0.05,7.8,2008.0
0.54,0.3,0.03,0.16,0.05,8.3,2010.0
0.54,0.39,0.01,0.1,0.05,6.0,2011.0
0.54,0.15,0.27,0.07,0.05,9.0,2011.0
0.54,0.22,0.03,0.23,0.05,7.4,2010.0
0.54,0.18,0.07,0.21,0.08,5.8,2010.0
0.54,0.29,0.04,0.16,0.05,7.0,2009.0
0.54,0.17,0.24,0.09,0.03,6.3,2016.0
0.54,0.06,0.01,0.4,0.08,7.5,2017.0
0.54,0.16,0.15,0.2,0.03,6.1,2015.0
0.54,0.46,0.01,0.03,0.05,7.9,2009.0
0.54,0.26,0.22,0.04,0.03,8.0,2007.0
0.54,0.24,0.01,0.2,0.09,8.4,2011.0
0.54,0.11,0.36,0.05,0.02,6.5,2011.0
0.54,0.3,0.0,0.19,0.05,8.0,2010.0
0.54,0.11,0.02,0.27,0.14,7.7,2010.0
0.54,0.09,0.35,0.06,0.04,7.7,1998.0
0.54,0.21,0.13,0.13,0.07,7.5,2014.0
0.54,0.12,0.18,0.16,0.09,8.1,2010.0
0.54,0.4,0.03,0.07,0.04,6.5,2011.0
0.54,0.29,0.16,0.08,0.01,8.6,2005.0
0.53,0.04,0.48,0.01,0.0,7.5,2009.0
0.53,0.13,0.01,0.29,0.1,5.0,2009.0
0.53,0.38,0.1,0.01,0.04,7.2,2006.0
0.53,0.12,0.02,0.26,0.13,7.5,2011.0
0.53,0.25,0.04,0.15,0.09,7.5,2012.0
0.53,0.39,0.08,0.03,0.04,7.0,2006.0
0.53,0.19,0.02,0.28,0.04,6.9,2012.0
0.53,0.05,0.01,0.39,0.08,8.9,2018.0
0.53,0.25,0.0,0.19,0.09,7.5,2011.0
0.53,0.07,0.38,0.05,0.03,6.1,1997.0
0.53,0.21,0.26,0.04,0.03,7.6,2007.0
0.53,0.35,0.14,0.01,0.03,8.1,2007.0
0.52,0.32,0.0,0.15,0.05,7.9,2009.0
0.52,0.13,0.27,0.07,0.05,7.0,2011.0
0.52,0.18,0.16,0.14,0.05,8.5,2003.0
0.52,0.3,0.01,0.17,0.05,7.5,2013.0
0.52,0.12,0.28,0.08,0.03,7.5,1998.0
0.52,0.47,0.0,0.0,0.04,7.5,2008.0
0.52,0.46,0.02,0.0,0.04,7.5,2008.0
0.52,0.26,0.0,0.21,0.05,7.5,2009.0
0.52,0.47,0.0,0.0,0.04,7.5,2007.0
0.52,0.28,0.16,0.07,0.01,7.5,1994.0
0.52,0.22,0.04,0.16,0.1,7.8,2007.0
0.52,0.25,0.02,0.19,0.06,7.5,2006.0
0.52,0.46,0.02,0.01,0.04,3.7,2006.0
0.52,0.18,0.22,0.08,0.04,6.5,2009.0
0.52,0.24,0.19,0.09,0.01,7.5,2005.0
0.52,0.17,0.33,0.0,0.02,7.1,2008.0
0.52,0.17,0.18,0.13,0.04,7.5,2000.0
0.52,0.17,0.2,0.11,0.03,7.5,1999.0
0.52,0.32,0.15,0.03,0.03,7.9,2008.0
0.51,0.08,0.35,0.05,0.03,7.5,1996.0
0.51,0.2,0.08,0.2,0.04,7.5,2017.0
0.51,0.22,0.05,0.17,0.06,7.5,2005.0
0.51,0.36,0.08,0.04,0.04,5.5,2007.0
0.51,0.18,0.3,0.0,0.02,6.6,2005.0
0.51,0.19,0.02,0.22,0.08,7.5,2018.0
0.51,0.12,0.06,0.27,0.05,8.1,2009.0
0.51,0.01,0.22,0.26,0.02,7.5,2000.0
0.51,0.22,0.1,0.14,0.04,7.3,2017.0
0.51,0.13,0.25,0.1,0.03,7.5,2002.0
0.51,0.36,0.02,0.08,0.04,5.8,2009.0
0.51,0.12,0.07,0.2,0.12,8.0,2009.0
0.51,0.27,0.07,0.11,0.06,6.7,2011.0
0.5,0.23,0.01,0.21,0.05,6.9,2009.0
0.5,0.11,0.04,0.29,0.07,7.5,2016.0
0.5,0.08,0.12,0.24,0.06,7.5,2017.0
0.5,0.31,0.05,0.1,0.04,5.6,2011.0
0.5,0.43,0.02,0.02,0.03,7.5,2010.0
0.5,0.11,0.28,0.08,0.03,7.5,2004.0
0.5,0.18,0.17,0.12,0.03,7.8,2014.0
0.5,0.27,0.17,0.04,0.02,7.5,2013.0
0.5,0.13,0.31,0.05,0.01,8.5,2002.0
0.5,0.11,0.29,0.07,0.03,7.5,2000.0
0.5,0.08,0.02,0.33,0.07,7.5,2012.0
0.5,0.17,0.3,0.02,0.02,8.4,2007.0
0.5,0.28,0.16,0.03,0.03,8.7,2010.0
0.5,0.06,0.15,0.23,0.05,7.5,2018.0
0.5,0.08,0.01,0.3,0.11,7.5,2013.0
0.5,0.1,0.01,0.35,0.05,7.5,2010.0
0.5,0.27,0.04,0.15,0.04,6.9,2011.0
0.5,0.36,0.04,0.05,0.04,6.6,2012.0
0.5,0.45,0.0,0.01,0.04,7.5,2008.0
0.5,0.45,0.0,0.01,0.04,7.5,2007.0
0.5,0.29,0.04,0.13,0.04,5.5,2013.0
0.5,0.3,0.08,0.1,0.02,8.1,2004.0
0.5,0.21,0.01,0.16,0.12,7.5,2012.0
0.5,0.18,0.02,0.22,0.08,8.0,2010.0
0.5,0.26,0.05,0.15,0.04,5.7,2011.0
0.5,0.41,0.03,0.02,0.04,6.1,2004.0
0.49,0.27,0.17,0.03,0.03,7.7,2007.0
0.49,0.28,0.01,0.16,0.04,7.5,2014.0
0.49,0.2,0.01,0.23,0.05,6.4,2010.0
0.49,0.17,0.12,0.16,0.03,7.5,2016.0
0.49,0.3,0.03,0.12,0.04,7.0,2011.0
0.49,0.09,0.32,0.07,0.03,5.9,2009.0
0.49,0.13,0.32,0.02,0.02,7.5,2005.0
0.49,0.24,0.03,0.18,0.05,7.3,2008.0
0.49,0.23,0.1,0.12,0.04,4.8,2015.0
0.49,0.27,0.02,0.16,0.04,4.0,2011.0
0.49,0.36,0.02,0.09,0.01,7.2,2001.0
0.49,0.1,0.02,0.3,0.07,8.6,2017.0
0.49,0.04,0.01,0.34,0.09,7.5,2012.0
0.49,0.14,0.0,0.3,0.05,6.3,2008.0
0.49,0.19,0.22,0.06,0.03,7.9,2017.0
0.49,0.14,0.18,0.15,0.03,8.1,2014.0
0.49,0.1,0.13,0.23,0.03,7.5,2016.0
0.49,0.44,0.0,0.02,0.04,8.4,2006.0
0.49,0.16,0.13,0.17,0.03,6.3,2011.0
0.48,0.13,0.02,0.25,0.07,7.5,2015.0
0.48,0.25,0.03,0.12,0.08,7.5,2016.0
0.48,0.22,0.01,0.2,0.05,7.1,2008.0
0.48,0.16,0.29,0.01,0.01,7.0,2006.0
0.48,0.31,0.02,0.12,0.04,7.5,2012.0
0.48,0.25,0.11,0.06,0.06,7.8,1999.0
0.48,0.22,0.07,0.15,0.04,5.2,2013.0
0.48,0.29,0.03,0.09,0.08,7.5,2017.0
0.48,0.32,0.03,0.1,0.04,7.5,2012.0
0.48,0.25,0.17,0.03,0.03,7.5,2011.0
0.48,0.1,0.02,0.23,0.13,6.3,2007.0
0.48,0.22,0.11,0.1,0.05,6.4,2014.0
0.48,0.12,0.03,0.26,0.07,7.5,2014.0
0.47,0.25,0.01,0.17,0.05,7.8,2008.0
0.47,0.22,0.01,0.19,0.05,7.3,2009.0
0.47,0.23,0.01,0.16,0.07,7.2,2008.0
0.47,0.19,0.01,0.2,0.08,8.2,2009.0
0.47,0.32,0.01,0.1,0.04,8.2,2009.0
0.47,0.12,0.27,0.06,0.02,7.7,2009.0
0.47,0.27,0.08,0.06,0.05,7.5,1998.0
0.47,0.23,0.01,0.18,0.04,8.8,2017.0
0.47,0.26,0.06,0.1,0.04,6.5,2011.0
0.47,0.14,0.31,0.01,0.02,6.4,2007.0
0.47,0.14,0.01,0.25,0.07,6.7,2017.0
0.47,0.2,0.0,0.23,0.05,6.2,2010.0
0.47,0.09,0.03,0.23,0.12,6.8,2010.0
0.47,0.05,0.38,0.04,0.01,7.5,2001.0
0.47,0.16,0.01,0.25,0.05,8.5,2008.0
0.47,0.37,0.07,0.01,0.02,3.8,2010.0
0.47,0.05,0.3,0.09,0.03,7.5,2017.0
0.47,0.15,0.12,0.17,0.03,7.1,2018.0
0.47,0.24,0.04,0.16,0.03,8.0,1997.0
0.47,0.19,0.09,0.16,0.03,7.3,2018.0
0.47,0.21,0.04,0.16,0.06,7.5,2012.0
0.47,0.14,0.19,0.11,0.04,8.0,2000.0
0.46,0.18,0.13,0.12,0.03,6.0,2017.0
0.46,0.2,0.06,0.15,0.05,7.5,2002.0
0.46,0.19,0.16,0.06,0.05,7.5,2018.0
0.46,0.13,0.2,0.1,0.03,7.5,2001.0
0.46,0.17,0.0,0.24,0.05,5.0,2010.0
0.46,0.25,0.12,0.09,0.01,5.7,2004.0
0.46,0.15,0.08,0.17,0.06,7.5,2015.0
0.46,0.14,0.02,0.22,0.07,7.5,2014.0
0.46,0.2,0.03,0.15,0.07,7.0,2011.0
0.46,0.21,0.07,0.15,0.03,8.0,2018.0
0.46,0.36,0.04,0.03,0.04,7.5,2008.0
0.46,0.14,0.17,0.11,0.04,7.1,2003.0
0.45,0.14,0.19,0.09,0.03,7.7,1997.0
0.45,0.1,0.16,0.13,0.05,7.5,2016.0
0.45,0.09,0.05,0.26,0.05,8.4,2009.0
0.45,0.21,0.01,0.16,0.07,7.8,2011.0
0.45,0.23,0.16,0.06,0.01,8.2,2002.0
0.45,0.34,0.02,0.09,0.01,6.5,2003.0
0.45,0.39,0.01,0.02,0.04,7.5,2007.0
0.45,0.16,0.09,0.15,0.06,7.5,2014.0
0.45,0.29,0.12,0.01,0.03,8.2,2007.0
0.45,0.26,0.01,0.15,0.04,7.5,2014.0
0.45,0.27,0.01,0.13,0.04,7.5,2013.0
0.45,0.13,0.21,0.07,0.04,7.5,2017.0
0.45,0.37,0.02,0.03,0.03,8.2,2008.0
0.45,0.03,0.38,0.02,0.02,6.4,2009.0
0.45,0.04,0.36,0.03,0.01,7.5,2004.0
0.45,0.09,0.09,0.21,0.06,7.5,2013.0
0.45,0.02,0.01,0.38,0.05,7.8,2007.0
0.45,0.18,0.04,0.16,0.07,7.5,2015.0
0.45,0.26,0.01,0.14,0.04,7.5,2012.0
0.45,0.3,0.01,0.11,0.04,7.8,2011.0
0.45,0.17,0.06,0.13,0.09,7.5,2010.0
0.45,0.09,0.03,0.24,0.08,6.4,2011.0
0.44,0.19,0.07,0.12,0.05,8.3,2008.0
0.44,0.22,0.07,0.1,0.04,5.3,2011.0
0.44,0.36,0.01,0.04,0.03,8.3,2007.0
0.44,0.18,0.02,0.16,0.08,4.8,2012.0
0.44,0.14,0.03,0.21,0.07,7.5,2013.0
0.44,0.34,0.06,0.01,0.04,7.6,2011.0
0.44,0.09,0.32,0.02,0.01,5.1,2010.0
0.44,0.12,0.05,0.2,0.08,7.5,2012.0
0.44,0.17,0.17,0.08,0.03,6.8,2017.0
0.44,0.06,0.02,0.33,0.03,7.5,2006.0
0.44,0.19,0.12,0.07,0.05,7.0,2009.0
0.44,0.2,0.06,0.14,0.03,7.8,2011.0
0.44,0.16,0.15,0.03,0.1,7.5,1992.0
0.44,0.19,0.11,0.09,0.05,7.5,2012.0
0.44,0.11,0.16,0.12,0.05,7.5,2015.0
0.44,0.15,0.0,0.25,0.03,7.3,2014.0
0.44,0.07,0.3,0.05,0.03,5.4,1999.0
0.44,0.2,0.09,0.12,0.03,6.7,2016.0
0.43,0.3,0.03,0.06,0.04,7.5,2017.0
0.43,0.26,0.07,0.1,0.01,7.5,2004.0
0.43,0.16,0.26,0.0,0.01,7.5,2007.0
0.43,0.18,0.17,0.07,0.01,7.5,2003.0
0.43,0.1,0.24,0.07,0.03,7.5,1996.0
0.43,0.13,0.01,0.23,0.07,7.5,2014.0
0.43,0.16,0.0,0.19,0.07,6.6,2007.0
0.43,0.2,0.06,0.12,0.05,7.5,2012.0
0.43,0.12,0.21,0.07,0.03,7.8,2011.0
0.43,0.09,0.25,0.07,0.02,7.5,2002.0
0.43,0.19,0.06,0.14,0.03,8.4,2010.0
0.43,0.24,0.01,0.15,0.04,8.2,2017.0
0.43,0.21,0.03,0.12,0.07,7.5,2015.0
0.43,0.21,0.13,0.07,0.02,8.3,2011.0
0.43,0.17,0.0,0.0,0.26,7.8,2008.0
0.43,0.34,0.03,0.03,0.03,8.9,2005.0
0.43,0.25,0.07,0.06,0.06,6.5,1997.0
0.42,0.02,0.35,0.02,0.03,7.5,1998.0
0.42,0.03,0.1,0.19,0.1,7.5,2007.0
0.42,0.17,0.1,0.12,0.03,7.5,2000.0
0.42,0.23,0.01,0.15,0.04,6.8,2010.0
0.42,0.18,0.03,0.16,0.04,8.7,2007.0
0.42,0.22,0.04,0.09,0.07,8.0,2007.0
0.42,0.14,0.16,0.1,0.03,7.5,2001.0
0.42,0.13,0.03,0.19,0.06,7.5,2016.0
0.42,0.2,0.16,0.01,0.05,7.5,2012.0
0.42,0.14,0.22,0.05,0.01,7.5,2001.0
0.42,0.13,0.23,0.04,0.02,7.5,2015.0
0.42,0.19,0.03,0.16,0.04,8.3,2010.0
0.42,0.12,0.02,0.21,0.06,7.5,2015.0
0.42,0.18,0.05,0.14,0.05,7.2,2005.0
0.42,0.15,0.03,0.18,0.06,7.5,2015.0
0.42,0.31,0.03,0.01,0.07,7.5,2013.0
0.42,0.07,0.02,0.27,0.06,7.5,2014.0
0.42,0.16,0.12,0.11,0.03,7.5,1998.0
0.41,0.35,0.01,0.02,0.03,7.8,2006.0
0.41,0.33,0.01,0.04,0.03,7.5,2007.0
0.41,0.13,0.16,0.09,0.03,7.2,1997.0
0.41,0.15,0.11,0.12,0.04,8.6,2003.0
0.41,0.21,0.13,0.05,0.02,7.5,2010.0
0.41,0.11,0.19,0.08,0.03,7.5,2001.0
0.41,0.18,0.12,0.06,0.05,7.5,2016.0
0.41,0.26,0.1,0.03,0.02,8.0,2010.0
0.41,0.21,0.03,0.12,0.05,7.5,2010.0
0.41,0.08,0.24,0.04,0.04,7.5,2015.0
0.41,0.16,0.06,0.15,0.03,7.0,2018.0
0.41,0.32,0.04,0.02,0.03,7.0,2007.0
0.41,0.21,0.09,0.08,0.04,8.7,2010.0
0.41,0.26,0.06,0.05,0.04,7.3,2009.0
0.41,0.16,0.15,0.08,0.02,7.5,2014.0
0.41,0.15,0.12,0.1,0.03,7.5,1998.0
0.41,0.1,0.25,0.02,0.04,9.1,2000.0
0.41,0.04,0.05,0.21,0.11,7.5,2010.0
0.4,0.09,0.24,0.04,0.02,7.5,2012.0
0.4,0.31,0.04,0.02,0.03,8.5,2006.0
0.4,0.2,0.04,0.11,0.03,8.5,2010.0
0.4,0.25,0.07,0.07,0.01,7.5,2005.0
0.4,0.27,0.09,0.01,0.03,7.5,2009.0
0.4,0.32,0.01,0.03,0.04,7.5,2007.0
0.4,0.34,0.01,0.03,0.03,7.7,2007.0
0.39,0.14,0.12,0.06,0.07,7.5,2013.0
0.39,0.17,0.03,0.13,0.06,7.3,2011.0
0.39,0.14,0.16,0.05,0.03,8.1,2006.0
0.39,0.16,0.06,0.13,0.04,7.5,2001.0
0.39,0.22,0.0,0.13,0.03,3.0,2013.0
0.39,0.18,0.01,0.16,0.04,7.1,2011.0
0.39,0.18,0.02,0.12,0.06,7.5,2017.0
0.39,0.19,0.01,0.15,0.05,7.5,2007.0
0.39,0.32,0.01,0.01,0.05,7.5,2008.0
0.39,0.21,0.08,0.08,0.03,6.7,2009.0
0.39,0.23,0.03,0.07,0.06,6.1,2008.0
0.39,0.23,0.09,0.06,0.01,7.4,2006.0
0.39,0.15,0.1,0.12,0.02,7.9,2012.0
0.39,0.05,0.28,0.05,0.01,7.5,2014.0
0.39,0.21,0.09,0.04,0.05,7.5,2012.0
0.39,0.25,0.05,0.07,0.03,4.3,2011.0
0.39,0.3,0.04,0.03,0.03,9.0,2005.0
0.39,0.29,0.01,0.06,0.03,8.1,2006.0
0.38,0.07,0.01,0.25,0.06,7.5,2013.0
0.38,0.11,0.17,0.08,0.03,7.5,1995.0
0.38,0.12,0.16,0.04,0.05,7.5,2015.0
0.38,0.07,0.08,0.18,0.05,7.5,2015.0
0.38,0.06,0.02,0.22,0.08,7.5,2012.0
0.38,0.2,0.11,0.04,0.03,7.5,2015.0
0.38,0.11,0.11,0.13,0.02,7.5,2011.0
0.38,0.06,0.31,0.0,0.01,7.5,2008.0
0.38,0.21,0.0,0.0,0.17,7.5,2008.0
0.38,0.24,0.07,0.06,0.01,5.2,2003.0
0.38,0.17,0.12,0.08,0.02,8.2,2011.0
0.38,0.17,0.04,0.14,0.03,6.7,2014.0
0.38,0.07,0.25,0.05,0.02,6.7,2002.0
0.38,0.13,0.19,0.04,0.03,7.5,2010.0
0.38,0.11,0.09,0.12,0.07,7.5,2014.0
0.37,0.14,0.02,0.16,0.06,7.5,2018.0
0.37,0.18,0.04,0.12,0.04,7.5,2008.0
0.37,0.16,0.01,0.14,0.06,7.6,2010.0
0.37,0.19,0.13,0.03,0.02,7.5,2009.0
0.37,0.1,0.03,0.19,0.06,7.5,2014.0
0.37,0.08,0.01,0.22,0.06,8.0,2018.0
0.37,0.12,0.01,0.22,0.03,7.5,2018.0
0.37,0.17,0.02,0.13,0.04,7.5,2006.0
0.37,0.29,0.0,0.04,0.03,7.5,2007.0
0.37,0.07,0.07,0.18,0.05,7.5,2016.0
0.37,0.2,0.01,0.13,0.03,6.0,2013.0
0.37,0.27,0.04,0.03,0.03,8.2,2008.0
0.37,0.15,0.16,0.05,0.02,8.1,2016.0
0.37,0.21,0.01,0.12,0.03,7.2,2011.0
0.37,0.16,0.04,0.13,0.03,7.9,2009.0
0.37,0.27,0.01,0.07,0.03,8.1,2006.0
0.37,0.09,0.01,0.18,0.1,7.5,2010.0
0.37,0.1,0.17,0.06,0.03,7.5,2018.0
0.37,0.16,0.06,0.12,0.03,6.7,2010.0
0.37,0.08,0.19,0.06,0.03,7.5,2018.0
0.37,0.08,0.21,0.06,0.02,7.5,1995.0
0.37,0.17,0.0,0.15,0.04,6.2,2009.0
0.37,0.11,0.05,0.16,0.05,7.5,2016.0
0.36,0.21,0.04,0.08,0.03,8.5,2009.0
0.36,0.08,0.21,0.06,0.02,7.5,2008.0
0.36,0.14,0.03,0.15,0.06,7.5,2017.0
0.36,0.04,0.27,0.03,0.01,7.5,2014.0
0.36,0.14,0.08,0.11,0.04,7.5,2001.0
0.36,0.21,0.04,0.07,0.04,4.0,2011.0
0.36,0.21,0.01,0.09,0.05,8.5,2009.0
0.36,0.06,0.23,0.04,0.02,8.5,1997.0
0.36,0.11,0.14,0.09,0.03,7.5,2001.0
0.36,0.28,0.05,0.0,0.02,6.3,2011.0
0.36,0.3,0.02,0.01,0.03,8.0,2005.0
0.36,0.04,0.25,0.05,0.03,7.5,2014.0
0.36,0.24,0.01,0.09,0.03,7.5,2010.0
0.36,0.15,0.08,0.11,0.02,8.0,2013.0
0.36,0.09,0.18,0.05,0.03,7.5,2018.0
0.36,0.16,0.03,0.12,0.06,7.5,2017.0
0.36,0.07,0.23,0.02,0.04,7.5,1998.0
0.36,0.18,0.08,0.08,0.03,7.0,2018.0
0.35,0.22,0.01,0.09,0.03,8.8,2013.0
0.35,0.17,0.0,0.15,0.03,7.5,2013.0
0.35,0.09,0.09,0.13,0.04,7.1,2015.0
0.35,0.09,0.15,0.07,0.04,7.5,2011.0
0.35,0.09,0.16,0.07,0.02,7.5,2003.0
0.35,0.13,0.17,0.03,0.02,5.0,2015.0
0.35,0.15,0.05,0.11,0.04,7.5,2001.0
0.35,0.13,0.13,0.05,0.04,7.5,2017.0
0.35,0.09,0.09,0.11,0.06,7.5,2016.0
0.35,0.1,0.15,0.08,0.03,6.2,2000.0
0.35,0.08,0.19,0.06,0.02,7.9,2006.0
0.35,0.03,0.28,0.02,0.02,8.7,2000.0
0.35,0.13,0.0,0.18,0.04,5.2,2009.0
0.35,0.3,0.0,0.01,0.03,6.3,2007.0
0.35,0.13,0.14,0.05,0.03,7.5,2010.0
0.34,0.07,0.2,0.05,0.02,7.5,2015.0
0.34,0.28,0.03,0.01,0.03,8.2,2006.0
0.34,0.08,0.19,0.06,0.02,7.5,2003.0
0.34,0.28,0.02,0.0,0.03,7.5,2007.0
0.34,0.09,0.15,0.06,0.05,7.5,2014.0
0.34,0.13,0.01,0.15,0.05,7.5,2010.0
0.34,0.14,0.15,0.03,0.02,6.4,2009.0
0.34,0.22,0.08,0.02,0.02,7.7,2007.0
0.34,0.04,0.25,0.03,0.01,4.9,2009.0
0.34,0.11,0.12,0.09,0.03,6.3,2006.0
0.34,0.3,0.01,0.01,0.03,7.5,2007.0
0.34,0.27,0.02,0.02,0.03,5.7,2007.0
0.34,0.13,0.04,0.13,0.05,7.5,2015.0
0.34,0.14,0.16,0.02,0.02,8.0,2009.0
0.34,0.1,0.2,0.04,0.01,7.5,2004.0
0.34,0.08,0.17,0.05,0.04,4.7,2011.0
0.34,0.14,0.09,0.07,0.04,7.5,2016.0
0.34,0.28,0.03,0.01,0.02,7.5,2007.0
0.34,0.19,0.01,0.11,0.03,7.5,2012.0
0.34,0.05,0.23,0.03,0.02,7.5,1998.0
0.34,0.05,0.03,0.2,0.05,7.5,2013.0
0.34,0.16,0.02,0.11,0.05,7.5,2016.0
0.34,0.21,0.06,0.02,0.05,7.5,2016.0
0.33,0.06,0.21,0.04,0.02,7.5,1996.0
0.33,0.2,0.03,0.08,0.03,7.6,2012.0
0.33,0.27,0.02,0.01,0.03,7.8,2006.0
0.33,0.23,0.01,0.07,0.03,7.5,2011.0
0.33,0.07,0.2,0.05,0.01,6.0,2018.0
0.33,0.15,0.0,0.14,0.04,4.0,2008.0
0.33,0.1,0.12,0.08,0.03,7.0,2003.0
0.33,0.12,0.16,0.04,0.01,7.5,2005.0
0.33,0.06,0.22,0.04,0.02,6.5,1998.0
0.33,0.14,0.16,0.01,0.01,8.6,2007.0
0.33,0.22,0.09,0.0,0.02,7.6,2007.0
0.33,0.3,0.0,0.0,0.03,5.5,2009.0
0.33,0.16,0.04,0.11,0.02,7.5,1996.0
0.33,0.19,0.09,0.03,0.02,7.4,2007.0
0.33,0.12,0.06,0.13,0.03,7.4,2010.0
0.33,0.17,0.08,0.06,0.02,8.0,2016.0
0.33,0.09,0.15,0.07,0.02,7.9,2006.0
0.33,0.14,0.08,0.08,0.04,7.5,2016.0
0.33,0.19,0.1,0.01,0.03,7.5,2011.0
0.33,0.09,0.14,0.07,0.03,7.5,2012.0
0.33,0.05,0.23,0.04,0.01,7.5,2004.0
0.33,0.26,0.03,0.0,0.03,7.1,2006.0
0.33,0.12,0.08,0.1,0.03,9.4,2001.0
0.33,0.17,0.09,0.06,0.01,7.4,2004.0
0.33,0.09,0.02,0.17,0.05,7.5,2014.0
0.33,0.14,0.02,0.14,0.03,6.7,2009.0
0.32,0.2,0.05,0.04,0.03,7.5,2007.0
0.32,0.21,0.08,0.01,0.02,5.3,2007.0
0.32,0.14,0.11,0.04,0.04,7.0,2011.0
0.32,0.17,0.01,0.11,0.03,7.5,2009.0
0.32,0.08,0.15,0.06,0.02,8.4,2004.0
0.32,0.19,0.08,0.04,0.02,7.9,2007.0
0.32,0.14,0.07,0.09,0.02,5.5,2015.0
0.32,0.28,0.02,0.0,0.03,6.5,2007.0
0.32,0.11,0.12,0.07,0.02,7.5,2000.0
0.32,0.08,0.16,0.05,0.04,7.5,2014.0
0.32,0.08,0.16,0.06,0.02,7.5,2002.0
0.32,0.14,0.15,0.02,0.02,7.3,2007.0
0.32,0.08,0.0,0.18,0.06,7.5,2008.0
0.32,0.19,0.0,0.1,0.03,7.5,2013.0
0.32,0.15,0.13,0.04,0.0,7.5,1998.0
0.32,0.22,0.08,0.01,0.02,7.3,2006.0
0.32,0.11,0.1,0.08,0.03,7.1,2011.0
0.32,0.15,0.03,0.1,0.04,7.5,2012.0
0.32,0.05,0.21,0.04,0.02,7.5,1997.0
0.32,0.15,0.01,0.14,0.03,7.5,2016.0
0.32,0.1,0.07,0.11,0.04,7.5,2014.0
0.32,0.24,0.0,0.04,0.03,7.7,2010.0
0.32,0.13,0.02,0.14,0.02,7.5,2017.0
0.32,0.23,0.02,0.04,0.02,8.0,2006.0
0.32,0.06,0.07,0.14,0.05,6.8,2011.0
0.32,0.23,0.02,0.04,0.02,8.6,2010.0
0.31,0.09,0.0,0.18,0.04,6.6,2009.0
0.31,0.11,0.08,0.1,0.03,7.5,2013.0
0.31,0.1,0.13,0.07,0.02,7.5,1998.0
0.31,0.2,0.03,0.06,0.02,7.9,2011.0
0.31,0.27,0.01,0.01,0.02,7.0,2008.0
0.31,0.28,0.0,0.0,0.02,6.8,2007.0
0.31,0.07,0.16,0.06,0.02,7.5,2003.0
0.31,0.09,0.01,0.13,0.07,7.8,2010.0
0.31,0.18,0.09,0.02,0.02,7.6,2010.0
0.31,0.06,0.13,0.02,0.1,7.5,1999.0
0.31,0.17,0.11,0.01,0.02,7.5,2010.0
0.31,0.1,0.01,0.15,0.05,7.5,2017.0
0.31,0.09,0.01,0.15,0.05,7.5,2010.0
0.31,0.05,0.05,0.19,0.02,7.5,2015.0
0.31,0.08,0.06,0.15,0.02,5.6,2011.0
0.31,0.09,0.06,0.12,0.04,7.5,2014.0
0.31,0.16,0.12,0.02,0.01,7.5,2012.0
0.3,0.24,0.0,0.03,0.03,7.5,2007.0
0.3,0.17,0.04,0.07,0.03,7.8,2011.0
0.3,0.05,0.21,0.03,0.02,7.5,1995.0
0.3,0.15,0.06,0.06,0.02,6.2,2008.0
0.3,0.06,0.17,0.05,0.02,7.5,2015.0
0.3,0.15,0.04,0.07,0.05,7.5,2017.0
0.3,0.14,0.07,0.07,0.02,8.0,2011.0
0.3,0.08,0.03,0.17,0.02,7.5,2016.0
0.3,0.16,0.08,0.04,0.02,7.6,2009.0
0.3,0.24,0.01,0.02,0.03,7.5,2018.0
0.3,0.2,0.05,0.03,0.02,6.3,2006.0
0.3,0.06,0.01,0.22,0.02,5.3,2017.0
0.3,0.01,0.0,0.28,0.02,7.9,2013.0
0.3,0.05,0.19,0.04,0.01,7.5,2003.0
0.3,0.16,0.04,0.05,0.05,7.5,2018.0
0.3,0.07,0.15,0.05,0.02,7.5,1996.0
0.3,0.18,0.03,0.05,0.03,7.5,2012.0
0.3,0.1,0.1,0.07,0.03,7.5,2000.0
0.3,0.13,0.07,0.07,0.02,6.6,2009.0
0.3,0.13,0.03,0.09,0.05,7.5,2014.0
0.29,0.13,0.03,0.1,0.03,7.5,2008.0
0.29,0.03,0.21,0.02,0.02,7.5,1996.0
0.29,0.12,0.02,0.13,0.02,7.5,2016.0
0.29,0.09,0.06,0.1,0.04,7.5,2014.0
0.29,0.13,0.05,0.08,0.02,8.1,2017.0
0.29,0.11,0.13,0.03,0.03,7.5,2018.0
0.29,0.13,0.04,0.1,0.02,6.4,2010.0
0.29,0.07,0.15,0.05,0.02,8.8,2010.0
0.29,0.17,0.01,0.09,0.03,8.4,2018.0
0.29,0.06,0.15,0.05,0.03,7.0,2010.0
0.29,0.22,0.01,0.04,0.02,7.5,2007.0
0.29,0.11,0.07,0.06,0.04,7.5,2012.0
0.29,0.03,0.22,0.02,0.02,7.5,1998.0
0.29,0.22,0.02,0.05,0.0,7.5,1999.0
0.29,0.14,0.11,0.02,0.02,6.0,2015.0
0.29,0.02,0.25,0.02,0.01,7.5,2004.0
0.29,0.09,0.01,0.14,0.05,7.0,2010.0
0.29,0.11,0.01,0.12,0.05,7.5,2013.0
0.29,0.17,0.1,0.0,0.02,7.7,2004.0
0.29,0.15,0.05,0.07,0.02,6.7,2009.0
0.29,0.06,0.2,0.02,0.01,6.0,2010.0
0.29,0.06,0.22,0.0,0.01,5.3,2009.0
0.29,0.11,0.07,0.08,0.03,6.8,2010.0
0.29,0.15,0.12,0.01,0.01,6.5,2005.0
0.29,0.06,0.16,0.05,0.02,7.5,2002.0
0.29,0.04,0.23,0.01,0.01,7.5,2017.0
0.29,0.13,0.03,0.08,0.04,7.5,2016.0
0.29,0.06,0.01,0.18,0.04,7.5,2017.0
0.29,0.09,0.11,0.07,0.03,7.5,2010.0
0.29,0.14,0.01,0.1,0.04,6.2,2009.0
0.28,0.05,0.17,0.04,0.02,7.4,2011.0
0.28,0.07,0.12,0.07,0.01,7.5,2012.0
0.28,0.12,0.03,0.1,0.03,7.5,2006.0
0.28,0.11,0.13,0.03,0.01,8.1,2018.0
0.28,0.02,0.02,0.14,0.1,7.8,2010.0
0.28,0.13,0.12,0.02,0.01,7.5,2007.0
0.28,0.11,0.08,0.07,0.03,8.0,2011.0
0.28,0.1,0.14,0.03,0.02,5.8,2007.0
0.28,0.1,0.01,0.14,0.03,7.0,2011.0
0.28,0.1,0.02,0.12,0.05,6.0,2010.0
0.28,0.16,0.05,0.03,0.04,7.5,2015.0
0.28,0.06,0.15,0.04,0.02,7.2,1998.0
0.28,0.11,0.14,0.01,0.01,7.6,2015.0
0.28,0.09,0.1,0.07,0.02,7.0,2001.0
0.28,0.06,0.05,0.12,0.04,7.5,2018.0
0.28,0.09,0.1,0.06,0.02,8.3,1998.0
0.28,0.2,0.03,0.02,0.02,9.2,2007.0
0.28,0.25,0.0,0.01,0.02,7.5,2009.0
0.28,0.05,0.02,0.19,0.02,7.5,2016.0
0.28,0.16,0.1,0.0,0.02,8.1,2006.0
0.28,0.03,0.23,0.01,0.01,7.5,1995.0
0.28,0.15,0.05,0.06,0.02,8.0,2010.0
0.28,0.05,0.17,0.04,0.01,6.6,2002.0
0.28,0.11,0.01,0.13,0.03,7.5,2011.0
0.27,0.12,0.01,0.09,0.04,7.5,2016.0
0.27,0.06,0.14,0.05,0.02,7.5,2000.0
0.27,0.11,0.09,0.04,0.03,6.0,2010.0
0.27,0.06,0.14,0.04,0.02,7.5,1997.0
0.27,0.04,0.08,0.12,0.03,7.5,2016.0
0.27,0.15,0.01,0.08,0.02,6.4,2014.0
0.27,0.09,0.05,0.1,0.04,7.5,2018.0
0.27,0.06,0.02,0.14,0.04,7.5,2014.0
0.27,0.08,0.0,0.17,0.02,7.5,2013.0
0.27,0.16,0.1,0.0,0.01,6.8,2005.0
0.27,0.11,0.02,0.09,0.04,7.5,2013.0
0.27,0.24,0.01,0.0,0.02,7.5,2006.0
0.27,0.09,0.11,0.06,0.02,7.5,1997.0
0.27,0.11,0.04,0.09,0.03,7.9,2011.0
0.27,0.12,0.0,0.11,0.02,8.0,2010.0
0.27,0.1,0.1,0.03,0.03,7.5,2014.0
0.27,0.12,0.02,0.09,0.04,7.5,2018.0
0.27,0.14,0.03,0.08,0.02,7.4,2018.0
0.27,0.09,0.15,0.02,0.01,7.7,2009.0
0.27,0.11,0.14,0.01,0.01,7.9,2017.0
0.27,0.02,0.22,0.02,0.02,7.5,1997.0
0.26,0.12,0.04,0.06,0.04,7.5,2012.0
0.26,0.1,0.11,0.04,0.01,7.5,2004.0
0.26,0.17,0.01,0.06,0.02,7.5,2012.0
0.26,0.06,0.14,0.05,0.02,7.5,2004.0
0.26,0.06,0.18,0.0,0.01,7.5,2010.0
0.26,0.1,0.14,0.01,0.01,8.1,2013.0
0.26,0.08,0.11,0.06,0.02,7.3,1996.0
0.26,0.1,0.05,0.08,0.03,7.5,2007.0
0.26,0.17,0.06,0.01,0.02,7.5,2015.0
0.26,0.07,0.13,0.05,0.02,7.2,2000.0
0.26,0.11,0.03,0.1,0.02,7.5,2011.0
0.26,0.06,0.13,0.04,0.03,7.5,2016.0
0.26,0.21,0.0,0.02,0.02,7.5,2007.0
0.26,0.11,0.03,0.09,0.03,7.5,2003.0
0.26,0.04,0.18,0.03,0.02,7.0,1999.0
0.26,0.22,0.02,0.0,0.02,7.6,2005.0
0.26,0.14,0.07,0.05,0.01,7.5,2006.0
0.26,0.16,0.04,0.06,0.0,8.6,2002.0
0.26,0.13,0.11,0.01,0.01,7.6,2005.0
0.26,0.16,0.0,0.07,0.02,7.5,2013.0
0.26,0.12,0.02,0.1,0.02,7.4,2013.0
0.26,0.16,0.04,0.05,0.01,8.8,2003.0
0.26,0.16,0.01,0.06,0.02,7.5,2016.0
0.26,0.17,0.06,0.01,0.02,7.5,2018.0
0.26,0.11,0.11,0.02,0.01,6.7,2006.0
0.26,0.05,0.11,0.07,0.03,7.5,2012.0
0.26,0.18,0.0,0.06,0.02,6.0,2010.0
0.25,0.14,0.02,0.08,0.02,6.9,2016.0
0.25,0.1,0.08,0.06,0.01,7.0,2011.0
0.25,0.19,0.03,0.01,0.02,6.5,2007.0
0.25,0.18,0.01,0.04,0.02,7.5,2007.0
0.25,0.1,0.1,0.04,0.01,8.8,2001.0
0.25,0.08,0.06,0.07,0.03,7.5,2014.0
0.25,0.15,0.06,0.02,0.02,5.3,2006.0
0.25,0.09,0.07,0.05,0.03,7.5,2017.0
0.25,0.15,0.06,0.02,0.02,5.7,2012.0
0.25,0.12,0.02,0.09,0.03,6.1,2011.0
0.25,0.05,0.14,0.03,0.03,7.5,2015.0
0.25,0.07,0.14,0.03,0.01,7.5,2010.0
0.25,0.1,0.12,0.01,0.02,8.1,2009.0
0.25,0.16,0.05,0.04,0.0,7.0,1999.0
0.25,0.19,0.01,0.01,0.05,7.5,2018.0
0.25,0.05,0.15,0.03,0.02,7.5,1996.0
0.25,0.15,0.06,0.04,0.01,8.4,2002.0
0.25,0.13,0.05,0.06,0.02,6.9,2009.0
0.25,0.08,0.12,0.03,0.01,7.5,2004.0
0.25,0.06,0.12,0.06,0.01,6.2,2013.0
0.25,0.12,0.01,0.11,0.02,9.4,2018.0
0.25,0.03,0.18,0.03,0.01,7.5,2005.0
0.25,0.16,0.03,0.05,0.02,7.5,2012.0
0.25,0.11,0.1,0.04,0.01,7.5,2004.0
0.25,0.1,0.1,0.01,0.04,7.5,2013.0
0.25,0.1,0.08,0.03,0.03,7.5,2018.0
0.24,0.03,0.18,0.02,0.02,7.5,2015.0
0.24,0.07,0.14,0.02,0.02,7.5,2017.0
0.24,0.1,0.08,0.04,0.03,7.5,2017.0
0.24,0.08,0.13,0.01,0.01,7.0,2011.0
0.24,0.09,0.01,0.1,0.05,7.5,2012.0
0.24,0.1,0.02,0.07,0.05,7.5,2014.0
0.24,0.13,0.01,0.08,0.02,5.9,2012.0
0.24,0.16,0.04,0.02,0.02,6.3,2009.0
0.24,0.17,0.01,0.03,0.03,7.8,2010.0
0.24,0.13,0.06,0.04,0.01,5.8,2009.0
0.24,0.05,0.18,0.0,0.01,7.5,2012.0
0.24,0.06,0.13,0.04,0.01,7.5,2016.0
0.24,0.15,0.04,0.02,0.02,8.7,2007.0
0.24,0.12,0.01,0.09,0.02,6.5,2011.0
0.24,0.12,0.05,0.04,0.03,7.5,2013.0
0.24,0.19,0.03,0.0,0.02,7.5,2008.0
0.24,0.04,0.16,0.03,0.02,7.5,1996.0
0.24,0.21,0.01,0.0,0.02,5.9,2009.0
0.24,0.11,0.02,0.07,0.04,7.5,2018.0
0.24,0.11,0.02,0.08,0.03,7.5,2006.0
0.24,0.04,0.16,0.03,0.02,7.5,1999.0
0.24,0.16,0.06,0.0,0.01,6.8,2007.0
0.24,0.11,0.12,0.0,0.01,7.1,2009.0
0.24,0.13,0.02,0.05,0.04,7.5,2017.0
0.24,0.08,0.0,0.11,0.04,6.6,2009.0
0.24,0.04,0.03,0.13,0.03,7.5,2015.0
0.24,0.1,0.02,0.09,0.03,7.5,2012.0
0.24,0.14,0.05,0.04,0.01,7.5,2002.0
0.24,0.15,0.07,0.0,0.01,5.2,2007.0
0.23,0.06,0.1,0.05,0.02,7.5,2006.0
0.23,0.04,0.01,0.14,0.03,5.5,2012.0
0.23,0.0,0.12,0.08,0.02,7.5,2014.0
0.23,0.12,0.08,0.02,0.02,7.0,2018.0
0.23,0.08,0.13,0.0,0.02,8.0,2010.0
0.23,0.08,0.01,0.11,0.04,7.5,2014.0
0.23,0.14,0.05,0.02,0.02,5.4,2009.0
0.23,0.06,0.12,0.04,0.01,7.5,1995.0
0.23,0.11,0.02,0.06,0.04,7.5,2016.0
0.23,0.11,0.06,0.01,0.04,7.5,2015.0
0.23,0.09,0.03,0.08,0.03,7.5,2016.0
0.23,0.13,0.02,0.06,0.02,7.3,2010.0
0.23,0.08,0.05,0.06,0.03,7.5,2018.0
0.23,0.11,0.0,0.06,0.05,7.5,2012.0
0.23,0.06,0.12,0.04,0.01,7.5,1998.0
0.23,0.15,0.06,0.01,0.01,8.8,2005.0
0.23,0.08,0.0,0.13,0.02,6.5,2014.0
0.23,0.09,0.12,0.0,0.01,5.0,2008.0
0.23,0.17,0.04,0.01,0.01,8.2,2007.0
0.22,0.08,0.1,0.02,0.02,7.5,2014.0
0.22,0.05,0.11,0.04,0.02,7.5,2016.0
0.22,0.07,0.07,0.07,0.01,8.0,2018.0
0.22,0.1,0.06,0.03,0.03,7.5,2011.0
0.22,0.07,0.03,0.1,0.02,7.5,2010.0
0.22,0.13,0.04,0.03,0.01,7.5,2012.0
0.22,0.11,0.02,0.06,0.03,7.5,2018.0
0.22,0.12,0.08,0.0,0.01,6.0,2009.0
0.22,0.05,0.12,0.03,0.01,7.9,1998.0
0.22,0.03,0.17,0.02,0.01,7.3,2004.0
0.22,0.15,0.03,0.02,0.01,7.7,2010.0
0.22,0.14,0.07,0.01,0.01,7.5,2006.0
0.22,0.06,0.12,0.01,0.02,7.5,2015.0
0.22,0.07,0.08,0.06,0.02,7.5,2002.0
0.22,0.09,0.03,0.08,0.02,7.5,2013.0
0.22,0.11,0.03,0.04,0.03,7.5,2015.0
0.22,0.14,0.05,0.03,0.0,7.5,2001.0
0.22,0.11,0.02,0.06,0.04,7.5,2017.0
0.22,0.09,0.1,0.0,0.02,7.5,2013.0
0.22,0.14,0.02,0.05,0.02,8.0,2015.0
0.22,0.09,0.06,0.04,0.03,7.8,2018.0
0.22,0.11,0.06,0.04,0.0,7.8,2001.0
0.22,0.13,0.0,0.07,0.02,6.0,2011.0
0.21,0.08,0.08,0.04,0.02,7.5,2017.0
0.21,0.11,0.06,0.03,0.01,8.1,2018.0
0.21,0.06,0.12,0.02,0.02,7.5,2015.0
0.21,0.06,0.08,0.05,0.02,7.5,2011.0
0.21,0.12,0.02,0.05,0.02,7.5,2009.0
0.21,0.13,0.03,0.04,0.01,7.5,2002.0
0.21,0.1,0.01,0.05,0.04,7.5,2012.0
0.21,0.18,0.01,0.0,0.02,3.9,2007.0
0.21,0.1,0.06,0.03,0.03,7.5,2013.0
0.21,0.03,0.15,0.02,0.01,7.5,2003.0
0.21,0.1,0.02,0.06,0.03,7.5,2018.0
0.21,0.1,0.04,0.06,0.02,8.0,2017.0
0.21,0.07,0.04,0.07,0.03,7.5,2015.0
0.21,0.1,0.07,0.03,0.01,7.5,2011.0
0.21,0.09,0.03,0.07,0.02,7.5,2001.0
0.21,0.11,0.0,0.08,0.02,5.7,2010.0
0.21,0.12,0.0,0.07,0.02,7.3,2009.0
0.21,0.07,0.06,0.05,0.03,7.5,2013.0
0.21,0.08,0.03,0.08,0.02,7.5,2011.0
0.21,0.15,0.03,0.01,0.01,7.0,2009.0
0.21,0.15,0.01,0.03,0.02,7.5,2012.0
0.21,0.09,0.08,0.03,0.0,8.2,2001.0
0.21,0.05,0.09,0.05,0.02,7.5,2018.0
0.21,0.12,0.05,0.03,0.01,6.5,2009.0
0.21,0.07,0.03,0.07,0.03,7.5,2017.0
0.21,0.06,0.05,0.08,0.01,6.5,2012.0
0.21,0.04,0.12,0.03,0.01,7.5,2003.0
0.2,0.13,0.05,0.02,0.0,7.5,1998.0
0.2,0.07,0.05,0.05,0.02,8.2,2009.0
0.2,0.09,0.02,0.07,0.02,7.5,2001.0
0.2,0.08,0.07,0.02,0.02,4.5,2010.0
0.2,0.14,0.02,0.04,0.01,7.5,2002.0
0.2,0.06,0.14,0.0,0.01,7.5,2006.0
0.2,0.11,0.03,0.03,0.03,7.5,2015.0
0.2,0.09,0.0,0.09,0.02,7.5,2013.0
0.2,0.04,0.1,0.05,0.02,7.0,2014.0
0.2,0.06,0.01,0.1,0.04,4.3,2010.0
0.2,0.03,0.02,0.13,0.03,7.5,2014.0
0.2,0.14,0.02,0.02,0.02,7.5,2006.0
0.2,0.1,0.07,0.02,0.01,7.5,2009.0
0.2,0.02,0.16,0.01,0.01,7.5,1997.0
0.2,0.06,0.07,0.05,0.02,7.5,2005.0
0.2,0.04,0.1,0.06,0.01,7.5,2016.0
0.2,0.06,0.08,0.04,0.02,6.6,2011.0
0.2,0.1,0.02,0.07,0.02,7.5,2010.0
0.2,0.15,0.02,0.02,0.01,6.2,2010.0
0.2,0.06,0.0,0.12,0.01,7.5,2013.0
0.2,0.08,0.07,0.04,0.01,7.6,2011.0
0.2,0.08,0.1,0.01,0.01,7.5,2018.0
0.2,0.16,0.01,0.02,0.02,5.0,2008.0
0.2,0.06,0.07,0.05,0.01,7.2,2010.0
0.2,0.06,0.09,0.04,0.01,7.6,1997.0
0.2,0.09,0.09,0.0,0.01,6.6,2007.0
0.2,0.12,0.03,0.03,0.02,6.1,2009.0
0.2,0.1,0.07,0.02,0.01,7.9,2005.0
0.2,0.12,0.01,0.04,0.02,6.6,2010.0
0.2,0.1,0.04,0.04,0.02,7.4,2011.0
0.2,0.02,0.18,0.0,0.0,6.4,2008.0
0.19,0.1,0.04,0.04,0.01,5.7,2011.0
0.19,0.12,0.03,0.03,0.01,7.5,2002.0
0.19,0.02,0.16,0.01,0.0,7.5,2008.0
0.19,0.09,0.01,0.07,0.01,8.1,2012.0
0.19,0.06,0.09,0.04,0.01,6.6,2016.0
0.19,0.12,0.02,0.04,0.02,8.6,2018.0
0.19,0.1,0.01,0.06,0.02,7.6,2011.0
0.19,0.1,0.03,0.04,0.01,6.7,2011.0
0.19,0.06,0.1,0.02,0.01,6.1,2008.0
0.19,0.07,0.11,0.0,0.01,6.5,2006.0
0.19,0.1,0.01,0.06,0.03,7.2,2009.0
0.19,0.15,0.02,0.01,0.01,6.0,2007.0
0.19,0.09,0.02,0.07,0.02,7.5,2012.0
0.19,0.05,0.1,0.02,0.02,7.5,2016.0
0.19,0.07,0.1,0.0,0.02,7.5,2015.0
0.19,0.05,0.09,0.03,0.02,7.5,2014.0
0.19,0.05,0.01,0.1,0.03,7.5,2014.0
0.19,0.07,0.08,0.03,0.01,5.6,2009.0
0.19,0.11,0.01,0.06,0.02,7.5,2012.0
0.19,0.07,0.01,0.08,0.03,7.5,2017.0
0.19,0.06,0.03,0.07,0.03,7.5,2015.0
0.19,0.07,0.04,0.06,0.02,7.5,2007.0
0.19,0.06,0.07,0.05,0.02,7.5,2011.0
0.19,0.06,0.08,0.04,0.01,8.5,2018.0
0.19,0.12,0.01,0.04,0.02,8.5,2018.0
0.19,0.14,0.0,0.03,0.01,7.0,2010.0
0.19,0.05,0.02,0.09,0.03,7.5,2010.0
0.19,0.17,0.0,0.01,0.01,8.1,2009.0
0.19,0.12,0.06,0.0,0.01,7.5,2007.0
0.18,0.11,0.05,0.01,0.01,8.0,2008.0
0.18,0.04,0.11,0.03,0.01,7.2,2009.0
0.18,0.07,0.03,0.06,0.02,6.2,2010.0
0.18,0.03,0.05,0.08,0.02,7.5,2012.0
0.18,0.02,0.02,0.1,0.03,7.5,2016.0
0.18,0.14,0.0,0.02,0.01,6.9,2007.0
0.18,0.11,0.05,0.01,0.01,8.3,2006.0
0.18,0.05,0.1,0.02,0.01,7.5,2013.0
0.18,0.14,0.01,0.02,0.01,5.3,2009.0
0.18,0.02,0.13,0.01,0.01,7.5,2017.0
0.18,0.11,0.05,0.02,0.01,4.3,2010.0
0.18,0.11,0.02,0.03,0.01,6.5,2011.0
0.18,0.17,0.0,0.0,0.01,8.0,2009.0
0.18,0.06,0.04,0.06,0.02,7.2,2017.0
0.18,0.06,0.08,0.02,0.01,7.5,2015.0
0.18,0.12,0.02,0.02,0.02,7.5,2013.0
0.18,0.04,0.1,0.03,0.01,7.5,2003.0
0.18,0.05,0.08,0.04,0.01,7.5,2006.0
0.18,0.04,0.12,0.01,0.02,7.5,2013.0
0.18,0.04,0.1,0.03,0.02,7.5,2016.0
0.18,0.04,0.11,0.03,0.01,7.5,2001.0
0.17,0.05,0.04,0.06,0.02,7.5,2017.0
0.17,0.02,0.12,0.01,0.01,4.4,1999.0
0.17,0.04,0.09,0.03,0.01,7.5,2005.0
0.17,0.11,0.03,0.02,0.01,6.0,2008.0
0.17,0.08,0.01,0.06,0.02,7.0,2009.0
0.17,0.04,0.09,0.03,0.02,7.5,2014.0
0.17,0.01,0.15,0.0,0.0,7.1,2002.0
0.17,0.07,0.03,0.05,0.01,7.5,2011.0
0.17,0.05,0.06,0.04,0.01,7.5,2001.0
0.17,0.06,0.04,0.06,0.01,7.5,2010.0
0.17,0.07,0.01,0.07,0.02,4.0,2011.0
0.17,0.09,0.06,0.02,0.01,7.5,2008.0
0.17,0.05,0.11,0.01,0.0,7.5,2000.0
0.17,0.13,0.0,0.01,0.02,7.5,2007.0
0.17,0.07,0.02,0.06,0.02,7.5,2002.0
0.17,0.05,0.06,0.04,0.02,7.5,2013.0
0.17,0.1,0.04,0.02,0.0,7.3,2002.0
0.17,0.06,0.06,0.03,0.02,7.5,2013.0
0.17,0.05,0.06,0.04,0.02,7.5,2014.0
0.17,0.02,0.12,0.02,0.01,7.5,1995.0
0.17,0.09,0.03,0.03,0.03,7.5,2018.0
0.17,0.05,0.07,0.04,0.01,7.5,1999.0
0.17,0.1,0.05,0.01,0.01,7.2,2005.0
0.16,0.08,0.02,0.05,0.01,7.5,2018.0
0.16,0.03,0.08,0.03,0.02,7.5,2020.0
0.16,0.02,0.11,0.02,0.01,7.5,2014.0
0.16,0.12,0.01,0.02,0.01,4.6,2008.0
0.16,0.13,0.02,0.0,0.01,7.5,2006.0
0.16,0.07,0.03,0.04,0.02,7.5,2017.0
0.16,0.01,0.12,0.02,0.0,7.4,2007.0
0.16,0.01,0.13,0.01,0.01,7.5,1996.0
0.16,0.08,0.03,0.03,0.02,6.5,2007.0
0.16,0.08,0.02,0.04,0.02,7.5,2015.0
0.16,0.07,0.01,0.06,0.03,7.5,2017.0
0.16,0.06,0.04,0.05,0.02,8.1,2008.0
0.16,0.11,0.04,0.0,0.01,7.5,2006.0
0.16,0.13,0.01,0.0,0.01,7.5,2008.0
0.16,0.09,0.0,0.05,0.01,7.4,2009.0
0.16,0.0,0.15,0.0,0.0,7.5,2005.0
0.16,0.11,0.03,0.01,0.01,6.0,2009.0
0.16,0.14,0.01,0.0,0.01,7.5,2007.0
0.16,0.1,0.03,0.02,0.01,7.6,2009.0
0.16,0.07,0.03,0.05,0.01,8.0,2011.0
0.16,0.09,0.03,0.03,0.01,7.5,2012.0
0.16,0.08,0.0,0.05,0.03,7.5,2013.0
0.16,0.11,0.02,0.02,0.01,7.5,2010.0
0.16,0.03,0.11,0.01,0.0,7.5,2008.0
0.16,0.02,0.05,0.06,0.02,7.9,2016.0
0.16,0.08,0.04,0.02,0.01,8.0,2013.0
0.16,0.04,0.03,0.08,0.01,7.2,2013.0
0.16,0.04,0.08,0.02,0.02,7.5,2014.0
0.16,0.08,0.0,0.06,0.02,3.8,2010.0
0.16,0.07,0.05,0.02,0.02,7.5,2017.0
0.16,0.07,0.06,0.02,0.01,5.4,2010.0
0.16,0.05,0.08,0.02,0.01,6.9,2010.0
0.16,0.05,0.02,0.06,0.03,7.5,2012.0
0.16,0.04,0.07,0.03,0.02,7.5,2017.0
0.16,0.04,0.08,0.03,0.01,7.5,2012.0
0.16,0.05,0.04,0.05,0.02,7.5,2018.0
0.16,0.06,0.03,0.05,0.02,7.5,2000.0
0.16,0.09,0.04,0.03,0.0,7.7,2001.0
0.15,0.06,0.06,0.01,0.02,7.5,2015.0
0.15,0.05,0.08,0.0,0.02,7.5,2015.0
0.15,0.0,0.02,0.1,0.02,7.5,2013.0
0.15,0.02,0.13,0.0,0.01,7.5,2017.0
0.15,0.07,0.04,0.03,0.01,7.5,2017.0
0.15,0.07,0.05,0.03,0.01,7.5,2014.0
0.15,0.08,0.03,0.02,0.01,6.3,2016.0
0.15,0.04,0.04,0.04,0.03,7.5,2014.0
0.15,0.11,0.04,0.0,0.01,7.5,2008.0
0.15,0.04,0.04,0.05,0.02,7.5,2014.0
0.15,0.11,0.01,0.02,0.01,6.1,2005.0
0.15,0.12,0.02,0.01,0.01,6.7,2007.0
0.15,0.05,0.05,0.04,0.01,7.5,2008.0
0.15,0.06,0.07,0.01,0.01,6.5,2008.0
0.15,0.1,0.03,0.01,0.01,7.5,2005.0
0.15,0.07,0.05,0.02,0.02,7.5,2010.0
0.15,0.12,0.01,0.01,0.01,8.3,2008.0
0.15,0.09,0.01,0.03,0.01,8.2,2011.0
0.15,0.11,0.01,0.03,0.01,7.5,2017.0
0.15,0.1,0.01,0.03,0.01,6.1,2017.0
0.15,0.02,0.12,0.01,0.01,7.5,1997.0
0.15,0.11,0.02,0.0,0.02,7.5,2007.0
0.15,0.03,0.1,0.0,0.01,7.5,2017.0
0.15,0.04,0.07,0.03,0.01,7.5,2016.0
0.15,0.07,0.06,0.01,0.02,7.5,2014.0
0.15,0.13,0.01,0.0,0.01,7.5,2007.0
0.14,0.12,0.01,0.0,0.01,6.9,2008.0
0.14,0.02,0.1,0.01,0.01,7.5,1996.0
0.14,0.01,0.11,0.01,0.01,7.5,1997.0
0.14,0.12,0.0,0.01,0.01,7.5,2006.0
0.14,0.03,0.06,0.04,0.01,7.5,2016.0
0.14,0.1,0.01,0.03,0.01,7.3,2006.0
0.14,0.1,0.02,0.02,0.01,6.0,2009.0
0.14,0.03,0.07,0.02,0.01,7.5,1996.0
0.14,0.02,0.07,0.03,0.02,7.5,2014.0
0.14,0.04,0.05,0.03,0.02,7.0,2011.0
0.14,0.07,0.02,0.03,0.01,5.9,2009.0
0.14,0.1,0.01,0.02,0.01,7.0,2015.0
0.14,0.06,0.01,0.05,0.01,8.3,2014.0
0.14,0.05,0.02,0.05,0.02,7.5,2014.0
0.14,0.07,0.06,0.0,0.01,5.8,2007.0
0.14,0.08,0.03,0.03,0.0,7.5,2003.0
0.14,0.08,0.05,0.0,0.01,7.5,2004.0
0.14,0.08,0.03,0.01,0.01,7.5,2006.0
0.14,0.04,0.04,0.04,0.02,7.0,2008.0
0.14,0.03,0.07,0.02,0.01,7.5,1998.0
0.14,0.07,0.05,0.01,0.02,7.5,2015.0
0.14,0.03,0.01,0.08,0.02,7.5,2012.0
0.14,0.04,0.08,0.01,0.0,8.0,2003.0
0.14,0.09,0.01,0.03,0.0,7.5,2003.0
0.14,0.01,0.11,0.01,0.01,7.5,2017.0
0.14,0.06,0.03,0.03,0.01,5.5,2011.0
0.14,0.08,0.02,0.01,0.03,7.5,2014.0
0.14,0.03,0.09,0.01,0.0,7.5,2003.0
0.13,0.04,0.07,0.01,0.02,7.5,2016.0
0.13,0.0,0.08,0.04,0.01,7.5,2015.0
0.13,0.05,0.02,0.04,0.01,7.5,2008.0
0.13,0.05,0.04,0.03,0.01,7.5,1996.0
0.13,0.03,0.07,0.02,0.01,7.5,2014.0
0.13,0.09,0.0,0.02,0.01,5.3,2009.0
0.13,0.08,0.02,0.02,0.01,7.5,2012.0
0.13,0.06,0.01,0.04,0.02,7.5,2012.0
0.13,0.04,0.06,0.01,0.02,7.5,2016.0
0.13,0.05,0.05,0.01,0.01,7.5,2010.0
0.13,0.06,0.04,0.01,0.02,7.5,2014.0
0.13,0.08,0.03,0.02,0.0,7.5,2003.0
0.13,0.04,0.06,0.01,0.02,7.5,2015.0
0.13,0.06,0.05,0.02,0.0,7.5,1999.0
0.13,0.03,0.07,0.02,0.01,7.5,2011.0
0.13,0.04,0.07,0.02,0.01,7.5,2015.0
0.13,0.09,0.01,0.02,0.01,7.5,2013.0
0.13,0.08,0.03,0.02,0.01,7.5,2007.0
0.13,0.07,0.04,0.01,0.01,6.5,2006.0
0.13,0.08,0.03,0.01,0.01,7.5,2012.0
0.12,0.03,0.05,0.03,0.02,7.5,2014.0
0.12,0.03,0.07,0.02,0.01,6.3,1999.0
0.12,0.05,0.02,0.04,0.01,7.5,2002.0
0.12,0.03,0.05,0.02,0.02,7.5,2015.0
0.12,0.09,0.02,0.0,0.01,7.5,2006.0
0.12,0.03,0.05,0.03,0.01,7.5,2009.0
0.12,0.01,0.02,0.07,0.02,7.5,2016.0
0.12,0.09,0.01,0.01,0.01,7.5,2018.0
0.12,0.03,0.07,0.01,0.01,7.5,2016.0
0.12,0.06,0.03,0.02,0.02,7.5,2018.0
0.12,0.03,0.02,0.05,0.02,7.5,2012.0
0.12,0.09,0.01,0.0,0.01,6.7,2011.0
0.12,0.04,0.03,0.03,0.01,7.5,2016.0
0.12,0.08,0.01,0.02,0.01,7.3,2010.0
0.12,0.1,0.0,0.01,0.01,5.5,2009.0
0.12,0.04,0.03,0.03,0.01,7.5,2009.0
0.12,0.07,0.01,0.04,0.01,7.5,2013.0
0.12,0.08,0.03,0.0,0.01,7.5,2011.0
0.12,0.02,0.03,0.05,0.01,7.5,2017.0
0.12,0.04,0.06,0.01,0.01,7.5,2015.0
0.12,0.05,0.06,0.01,0.01,6.6,2009.0
0.11,0.06,0.01,0.03,0.01,7.5,2011.0
0.11,0.03,0.04,0.02,0.01,7.5,2016.0
0.11,0.09,0.01,0.0,0.01,6.4,2009.0
0.11,0.04,0.05,0.01,0.01,7.2,2009.0
0.11,0.05,0.04,0.02,0.01,6.0,2011.0
0.11,0.07,0.03,0.01,0.01,7.9,2010.0
0.11,0.09,0.02,0.0,0.01,7.5,2005.0
0.11,0.07,0.02,0.02,0.01,7.5,2005.0
0.11,0.06,0.05,0.0,0.0,7.5,2009.0
0.11,0.06,0.0,0.04,0.01,4.8,2010.0
0.11,0.04,0.06,0.01,0.0,7.5,2003.0
0.11,0.04,0.01,0.04,0.02,7.5,2014.0
0.11,0.08,0.01,0.0,0.01,7.5,2005.0
0.11,0.08,0.03,0.0,0.01,7.5,2007.0
0.11,0.03,0.05,0.02,0.01,7.5,1996.0
0.11,0.02,0.02,0.05,0.01,7.5,2016.0
0.11,0.03,0.03,0.04,0.01,7.5,2014.0
0.11,0.03,0.03,0.03,0.01,8.5,2018.0
0.11,0.03,0.06,0.01,0.01,7.5,2016.0
0.11,0.05,0.02,0.04,0.01,7.5,2008.0
0.11,0.06,0.03,0.0,0.01,3.2,2009.0
0.11,0.07,0.02,0.02,0.0,6.5,2006.0
0.11,0.01,0.09,0.01,0.01,7.1,1997.0
0.11,0.01,0.09,0.0,0.01,7.5,1997.0
0.1,0.07,0.01,0.01,0.01,4.0,2009.0
0.1,0.06,0.02,0.02,0.0,7.5,2006.0
0.1,0.02,0.05,0.02,0.01,7.5,2006.0
0.1,0.04,0.02,0.02,0.02,7.5,2015.0
0.1,0.05,0.01,0.03,0.02,7.5,2017.0
0.1,0.07,0.0,0.02,0.01,7.5,2012.0
0.1,0.05,0.02,0.02,0.01,7.5,2014.0
0.1,0.04,0.01,0.03,0.01,7.5,2012.0
0.1,0.03,0.04,0.02,0.01,7.5,1998.0
0.1,0.02,0.07,0.01,0.0,7.5,2003.0
0.1,0.09,0.01,0.0,0.01,7.5,2008.0
0.1,0.02,0.06,0.02,0.01,7.5,2006.0
0.1,0.04,0.03,0.01,0.01,7.5,2017.0
0.1,0.05,0.02,0.02,0.01,7.5,2018.0
0.1,0.04,0.02,0.03,0.01,7.5,2002.0
0.1,0.05,0.03,0.02,0.0,7.5,2003.0
0.1,0.05,0.01,0.03,0.01,7.5,2015.0
0.1,0.06,0.0,0.03,0.01,7.5,2012.0
0.1,0.05,0.02,0.02,0.0,7.7,2002.0
0.1,0.07,0.02,0.01,0.01,6.6,2007.0
0.1,0.05,0.03,0.01,0.01,7.5,2018.0
0.1,0.02,0.04,0.02,0.01,7.5,2014.0
0.1,0.06,0.03,0.0,0.0,5.7,2010.0
0.1,0.01,0.07,0.01,0.01,5.7,1999.0
0.1,0.03,0.04,0.02,0.01,7.5,2016.0
0.1,0.07,0.03,0.0,0.01,7.5,2006.0
0.1,0.08,0.01,0.0,0.01,6.4,2008.0
0.09,0.03,0.04,0.01,0.0,6.8,2002.0
0.09,0.06,0.01,0.02,0.01,8.2,2008.0
0.09,0.07,0.01,0.0,0.01,7.0,2008.0
0.09,0.04,0.04,0.01,0.0,7.5,2002.0
0.09,0.04,0.04,0.0,0.0,7.5,2006.0
0.09,0.04,0.04,0.0,0.01,7.5,2015.0
0.09,0.01,0.03,0.04,0.01,7.5,2017.0
0.09,0.06,0.01,0.01,0.01,7.0,2017.0
0.09,0.04,0.0,0.03,0.01,6.5,2005.0
0.09,0.05,0.01,0.01,0.01,7.5,2018.0
0.09,0.06,0.0,0.02,0.01,7.5,2010.0
0.09,0.08,0.0,0.0,0.01,7.5,2008.0
0.09,0.07,0.02,0.0,0.01,7.5,2008.0
0.09,0.07,0.01,0.0,0.02,7.5,2008.0
0.09,0.03,0.03,0.02,0.01,7.2,1998.0
0.09,0.07,0.02,0.0,0.01,7.5,2007.0
0.09,0.06,0.01,0.01,0.01,4.8,2010.0
0.09,0.05,0.04,0.0,0.0,7.5,2006.0
0.09,0.02,0.05,0.01,0.01,7.5,2016.0
0.09,0.04,0.01,0.04,0.01,6.2,2010.0
0.09,0.02,0.04,0.02,0.01,7.5,2002.0
0.08,0.01,0.05,0.01,0.0,7.5,2006.0
0.08,0.02,0.04,0.01,0.01,6.0,1996.0
0.08,0.03,0.04,0.01,0.01,7.5,2018.0
0.08,0.04,0.03,0.01,0.0,7.4,2007.0
0.08,0.06,0.0,0.01,0.01,7.5,2015.0
0.08,0.03,0.01,0.03,0.01,7.5,2007.0
0.08,0.07,0.0,0.0,0.01,7.5,2008.0
0.08,0.07,0.0,0.0,0.01,7.4,2008.0
0.08,0.07,0.0,0.0,0.01,5.2,2008.0
0.08,0.03,0.01,0.02,0.01,7.5,2017.0
0.08,0.07,0.0,0.0,0.01,7.5,2009.0
0.08,0.04,0.02,0.03,0.01,7.5,2012.0
0.08,0.03,0.04,0.01,0.01,7.5,2009.0
0.08,0.04,0.02,0.01,0.01,7.5,2015.0
0.07,0.02,0.05,0.01,0.0,4.7,2012.0
0.07,0.04,0.03,0.0,0.0,7.5,2007.0
0.07,0.02,0.03,0.01,0.0,7.9,2018.0
0.07,0.03,0.04,0.0,0.0,7.3,2006.0
0.07,0.02,0.04,0.01,0.01,7.5,2014.0
0.07,0.02,0.03,0.01,0.01,7.5,2014.0
0.07,0.02,0.05,0.0,0.0,5.2,2007.0
0.07,0.03,0.02,0.0,0.0,7.0,2017.0
0.07,0.01,0.04,0.01,0.01,7.5,2015.0
0.07,0.03,0.02,0.01,0.01,7.5,2017.0
0.07,0.01,0.05,0.01,0.0,7.5,2007.0
0.07,0.03,0.02,0.0,0.01,7.5,2015.0
0.07,0.04,0.01,0.01,0.01,8.0,2018.0
0.07,0.01,0.0,0.05,0.0,7.5,2014.0
0.06,0.05,0.0,0.0,0.01,3.5,2008.0
0.06,0.03,0.01,0.01,0.0,7.5,2017.0
0.06,0.02,0.01,0.02,0.0,7.5,2017.0
0.06,0.02,0.02,0.01,0.01,7.5,2016.0
0.06,0.03,0.02,0.01,0.0,7.5,2013.0
0.06,0.02,0.02,0.01,0.0,7.5,2001.0
0.06,0.02,0.01,0.02,0.0,7.5,2018.0
0.06,0.01,0.04,0.0,0.01,7.5,2017.0
0.06,0.03,0.01,0.01,0.0,8.0,2018.0
0.06,0.04,0.01,0.01,0.0,7.5,2007.0
0.06,0.0,0.03,0.03,0.0,7.5,2007.0
0.06,0.04,0.02,0.0,0.0,7.5,2006.0
0.06,0.04,0.01,0.0,0.0,4.6,2008.0
0.06,0.01,0.02,0.02,0.01,7.5,2015.0
0.05,0.03,0.01,0.0,0.0,7.5,2006.0
0.05,0.01,0.01,0.01,0.01,7.5,2007.0
0.05,0.02,0.01,0.01,0.0,7.5,2018.0
0.05,0.01,0.03,0.01,0.0,7.5,2016.0
0.05,0.02,0.02,0.0,0.01,7.5,2007.0
0.05,0.03,0.01,0.01,0.0,7.5,2002.0
0.05,0.03,0.01,0.01,0.0,7.5,2007.0
0.05,0.01,0.03,0.0,0.0,6.6,2002.0
0.05,0.01,0.03,0.0,0.0,7.5,2017.0
0.05,0.02,0.01,0.01,0.0,7.5,2006.0
0.05,0.04,0.01,0.0,0.01,7.5,2010.0
0.05,0.03,0.01,0.01,0.01,7.5,2014.0
0.05,0.01,0.03,0.01,0.0,7.7,2007.0
0.05,0.01,0.04,0.0,0.0,7.5,2017.0
0.05,0.01,0.04,0.0,0.0,7.5,2017.0
0.04,0.03,0.01,0.0,0.0,7.5,2007.0
0.04,0.01,0.03,0.0,0.0,7.5,2007.0
0.04,0.02,0.02,0.0,0.0,7.6,2006.0
0.04,0.03,0.0,0.0,0.0,7.5,2007.0
0.04,0.02,0.02,0.0,0.01,7.5,2014.0
0.03,0.01,0.01,0.0,0.0,7.5,2017.0
0.03,0.01,0.01,0.0,0.0,5.8,2003.0
0.03,0.01,0.02,0.0,0.0,7.5,2007.0
0.03,0.01,0.02,0.0,0.0,7.5,2005.0
0.02,0.01,0.0,0.01,0.0,4.5,2014.0
